Workbook

Sheet Datos
B1: ITEM | C1: Nombre de tarea | D1: Duración (hábil L-V) | E1: Días Corridos | F1: Comienzo | G1: Fin
B2: 1.2.6.1.7 | C2: C / F3 / OC / ESTRUCTURA METÁLICAS | D2: 75 días | E2: 110 días | F2: 46317 | G2: 46426
B3: 1.2.6.1.7.1 | C3: C / F3 / OC / EEMM / Módulo 1 & 7 | D3: 20 días | E3: 28 días | F3: 46317 | G3: 46344
B4: 1.2.6.1.7.2 | C4: C / F3 / OC / EEMM / Módulo 6 | D4: 30 días | E4: 43 días | F4: 46331 | G4: 46373
B5: 1.2.6.1.7.3 | C5: C / F3 / OC / EEMM / Módulo 5 | D5: 11 días | E5: 16 días | F5: 46363 | G5: 46378
B6: 1.2.6.1.7.4 | C6: C / F3 / OC / EEMM / Módulo 4 | D6: 10 días | E6: 14 días | F6: 46365 | G6: 46378
B7: 1.2.6.1.7.5 | C7: C / F3 / OC / EEMM / Módulo 3 | D7: 12 días | E7: 20 días | F7: 46379 | G7: 46398
B8: 1.2.6.1.7.6 | C8: C / F3 / OC / EEMM / Módulo 2 | D8: 20 días | E8: 28 días | F8: 46399 | G8: 46426
B9: 1.2.5.1.9 | C9: C / F2 / OC / AMPLIACIÓN LOSA | D9: 62 días | E9: 91 días | F9: 46296 | G9: 46386
B10: 1.2.5.1.9.1 | C10: C / F2 / OC / Pilares de Acero | D10: 10 días | E10: 15 días | F10: 46296 | G10: 46310
B11: 1.2.5.1.9.9 | C11: C / F2 / OC / Vigas de Acero | D11: 15 días | E11: 21 días | F11: 46311 | G11: 46331
B12: 1.2.5.1.9.8 | C12: C / F2 / OC / Instalación Losa Colaborante | D12: 15 días | E12: 21 días | F12: 46332 | G12: 46352
B13: 1.2.5.1.9.10 | C13: C / F2 / OC / Instalación Perno Stud en Losa | D13: 3 días | E13: 5 días | F13: 46346 | G13: 46350
B14: 1.2.5.1.9.11 | C14: C / F2 / OC / Instalación Armadura, pasadas y placas base | D14: 5 días | E14: 7 días | F14: 46351 | G14: 46357

Sheet Avance Diario
G1: S06 | H1: S06 | I1: S06 | J1: S06 | K1: S07 | L1: S07 | M1: S07 | N1: S07 | O1: S07 | P1: S07 | Q1: S07 | R1: S08 | S1: S08 | T1: S08 | U1: S08 | V1: S08 | W1: S08 | X1: S08 | Y1: S09 | Z1: S09 | AA1: S09 | AB1: S09 | AC1: S09 | AD1: S09 | AE1: S09 | AF1: S10 | AG1: S10 | AH1: S10 | AI1: S10 | AJ1: S10 | AK1: S10 | AL1: S10 | AM1: S11 | AN1: S11 | AO1: S11 | AP1: S11 | AQ1: S11 | AR1: S11 | AS1: S11 | AT1: S12 | AU1: S12 | AV1: S12 | AW1: S12 | AX1: S12 | AY1: S12 | AZ1: S12 | BA1: S13 | BB1: S13 | BC1: S13 | BD1: S13 | BE1: S13 | BF1: S13 | BG1: S13 | BH1: S14 | BI1: S14 | BJ1: S14 | BK1: S14 | BL1: S14 | BM1: S14 | BN1: S14 | BO1: S15 | BP1: S15 | BQ1: S15 | BR1: S15 | BS1: S15 | BT1: S15 | BU1: S15 | BV1: S16 | BW1: S16 | BX1: S16 | BY1: S16 | BZ1: S16 | CA1: S16 | CB1: S16 | CC1: S17 | CD1: S17 | CE1: S17 | CF1: S17 | CG1: S17 | CH1: S17 | CI1: S17 | CJ1: S18 | CK1: S18 | CL1: S18 | CM1: S18 | CN1: S18 | CO1: S18 | CP1: S18 | CQ1: S19 | CR1: S19 | CS1: S19 | CT1: S19 | CU1: S19 | CV1: S19 | CW1: S19 | CX1: S20 | CY1: S20 | CZ1: S20 | DA1: S20 | DB1: S20 | DC1: S20 | DD1: S20 | DE1: S21 | DF1: S21 | DG1: S21 | DH1: S21 | DI1: S21 | DJ1: S21 | DK1: S21 | DL1: S22 | DM1: S22 | DN1: S22 | DO1: S22 | DP1: S22 | DQ1: S22 | DR1: S22 | DS1: S23 | DT1: S23 | DU1: S23 | DV1: S23 | DW1: S23 | DX1: S23 | DY1: S23 | DZ1: S24 | EA1: S24 | EB1: S24 | EC1: S24 | ED1: S24 | EE1: S24 | EF1: S24 | EG1: S25
G2: 46296 | H2: 46297 | I2: 46298 | J2: 46299 | K2: 46300 | L2: 46301 | M2: 46302 | N2: 46303 | O2: 46304 | P2: 46305 | Q2: 46306 | R2: 46307 | S2: 46308 | T2: 46309 | U2: 46310 | V2: 46311 | W2: 46312 | X2: 46313 | Y2: 46314 | Z2: 46315 | AA2: 46316 | AB2: 46317 | AC2: 46318 | AD2: 46319 | AE2: 46320 | AF2: 46321 | AG2: 46322 | AH2: 46323 | AI2: 46324 | AJ2: 46325 | AK2: 46326 | AL2: 46327 | AM2: 46328 | AN2: 46329 | AO2: 46330 | AP2: 46331 | AQ2: 46332 | AR2: 46333 | AS2: 46334 | AT2: 46335 | AU2: 46336 | AV2: 46337 | AW2: 46338 | AX2: 46339 | AY2: 46340 | AZ2: 46341 | BA2: 46342 | BB2: 46343 | BC2: 46344 | BD2: 46345 | BE2: 46346 | BF2: 46347 | BG2: 46348 | BH2: 46349 | BI2: 46350 | BJ2: 46351 | BK2: 46352 | BL2: 46353 | BM2: 46354 | BN2: 46355 | BO2: 46356 | BP2: 46357 | BQ2: 46358 | BR2: 46359 | BS2: 46360 | BT2: 46361 | BU2: 46362 | BV2: 46363 | BW2: 46364 | BX2: 46365 | BY2: 46366 | BZ2: 46367 | CA2: 46368 | CB2: 46369 | CC2: 46370 | CD2: 46371 | CE2: 46372 | CF2: 46373 | CG2: 46374 | CH2: 46375 | CI2: 46376 | CJ2: 46377 | CK2: 46378 | CL2: 46379 | CM2: 46380 | CN2: 46381 | CO2: 46382 | CP2: 46383 | CQ2: 46384 | CR2: 46385 | CS2: 46386 | CT2: 46387 | CU2: 46388 | CV2: 46389 | CW2: 46390 | CX2: 46391 | CY2: 46392 | CZ2: 46393 | DA2: 46394 | DB2: 46395 | DC2: 46396 | DD2: 46397 | DE2: 46398 | DF2: 46399 | DG2: 46400 | DH2: 46401 | DI2: 46402 | DJ2: 46403 | DK2: 46404 | DL2: 46405 | DM2: 46406 | DN2: 46407 | DO2: 46408 | DP2: 46409 | DQ2: 46410 | DR2: 46411 | DS2: 46412 | DT2: 46413 | DU2: 46414 | DV2: 46415 | DW2: 46416 | DX2: 46417 | DY2: 46418 | DZ2: 46419 | EA2: 46420 | EB2: 46421 | EC2: 46422 | ED2: 46423 | EE2: 46424 | EF2: 46425 | EG2: 46426
A3: 1.2.6.1.7 | B3: C / F3 / OC / ESTRUCTURA METÁLICAS | C3: =Datos!F2 -> 46317 | D3: =Datos!G2 -> 46426 | E3: =NETWORKDAYS(C3,D3) -> 78 | F3: Avance parcial % | G3: =IF(AND(G$2>=$C3,G$2<=$D3,WEEKDAY(G$2,2)<=5),100/$E3,0) -> 0 | H3: =IF(AND(H$2>=$C3,H$2<=$D3,WEEKDAY(H$2,2)<=5),100/$E3,0) -> 0 | I3: =IF(AND(I$2>=$C3,I$2<=$D3,WEEKDAY(I$2,2)<=5),100/$E3,0) -> 0 | J3: =IF(AND(J$2>=$C3,J$2<=$D3,WEEKDAY(J$2,2)<=5),100/$E3,0) -> 0 | K3: =IF(AND(K$2>=$C3,K$2<=$D3,WEEKDAY(K$2,2)<=5),100/$E3,0) -> 0 | L3: =IF(AND(L$2>=$C3,L$2<=$D3,WEEKDAY(L$2,2)<=5),100/$E3,0) -> 0 | M3: =IF(AND(M$2>=$C3,M$2<=$D3,WEEKDAY(M$2,2)<=5),100/$E3,0) -> 0 | N3: =IF(AND(N$2>=$C3,N$2<=$D3,WEEKDAY(N$2,2)<=5),100/$E3,0) -> 0 | ... EG3: =IF(AND(EG$2>=$C3,EG$2<=$D3,WEEKDAY(EG$2,2)<=5),100/$E3,0) -> 1.2820513
F4: Avance acumulado % | G4: =SUM($G3:G3) -> 0 | H4: =SUM($G3:H3) -> 0 | I4: =SUM($G3:I3) -> 0 | J4: =SUM($G3:J3) -> 0 | K4: =SUM($G3:K3) -> 0 | L4: =SUM($G3:L3) -> 0 | M4: =SUM($G3:M3) -> 0 | N4: =SUM($G3:N3) -> 0 | ... EG4: =SUM($G3:EG3) -> 100
A5: 1.2.6.1.7.1 | B5: C / F3 / OC / EEMM / Módulo 1 & 7 | C5: =Datos!F3 -> 46317 | D5: =Datos!G3 -> 46344 | E5: =NETWORKDAYS(C5,D5) -> 20 | F5: Avance parcial % | G5: =IF(AND(G$2>=$C5,G$2<=$D5,WEEKDAY(G$2,2)<=5),100/$E5,0) -> 0 | H5: =IF(AND(H$2>=$C5,H$2<=$D5,WEEKDAY(H$2,2)<=5),100/$E5,0) -> 0 | I5: =IF(AND(I$2>=$C5,I$2<=$D5,WEEKDAY(I$2,2)<=5),100/$E5,0) -> 0 | J5: =IF(AND(J$2>=$C5,J$2<=$D5,WEEKDAY(J$2,2)<=5),100/$E5,0) -> 0 | K5: =IF(AND(K$2>=$C5,K$2<=$D5,WEEKDAY(K$2,2)<=5),100/$E5,0) -> 0 | L5: =IF(AND(L$2>=$C5,L$2<=$D5,WEEKDAY(L$2,2)<=5),100/$E5,0) -> 0 | M5: =IF(AND(M$2>=$C5,M$2<=$D5,WEEKDAY(M$2,2)<=5),100/$E5,0) -> 0 | N5: =IF(AND(N$2>=$C5,N$2<=$D5,WEEKDAY(N$2,2)<=5),100/$E5,0) -> 0 | ... EG5: =IF(AND(EG$2>=$C5,EG$2<=$D5,WEEKDAY(EG$2,2)<=5),100/$E5,0) -> 0
F6: Avance acumulado % | G6: =SUM($G5:G5) -> 0 | H6: =SUM($G5:H5) -> 0 | I6: =SUM($G5:I5) -> 0 | J6: =SUM($G5:J5) -> 0 | K6: =SUM($G5:K5) -> 0 | L6: =SUM($G5:L5) -> 0 | M6: =SUM($G5:M5) -> 0 | N6: =SUM($G5:N5) -> 0 | ... EG6: =SUM($G5:EG5) -> 100
A7: 1.2.6.1.7.2 | B7: C / F3 / OC / EEMM / Módulo 6 | C7: =Datos!F4 -> 46331 | D7: =Datos!G4 -> 46373 | E7: =NETWORKDAYS(C7,D7) -> 31 | F7: Avance parcial % | G7: =IF(AND(G$2>=$C7,G$2<=$D7,WEEKDAY(G$2,2)<=5),100/$E7,0) -> 0 | H7: =IF(AND(H$2>=$C7,H$2<=$D7,WEEKDAY(H$2,2)<=5),100/$E7,0) -> 0 | I7: =IF(AND(I$2>=$C7,I$2<=$D7,WEEKDAY(I$2,2)<=5),100/$E7,0) -> 0 | J7: =IF(AND(J$2>=$C7,J$2<=$D7,WEEKDAY(J$2,2)<=5),100/$E7,0) -> 0 | K7: =IF(AND(K$2>=$C7,K$2<=$D7,WEEKDAY(K$2,2)<=5),100/$E7,0) -> 0 | L7: =IF(AND(L$2>=$C7,L$2<=$D7,WEEKDAY(L$2,2)<=5),100/$E7,0) -> 0 | M7: =IF(AND(M$2>=$C7,M$2<=$D7,WEEKDAY(M$2,2)<=5),100/$E7,0) -> 0 | N7: =IF(AND(N$2>=$C7,N$2<=$D7,WEEKDAY(N$2,2)<=5),100/$E7,0) -> 0 | ... EG7: =IF(AND(EG$2>=$C7,EG$2<=$D7,WEEKDAY(EG$2,2)<=5),100/$E7,0) -> 0
F8: Avance acumulado % | G8: =SUM($G7:G7) -> 0 | H8: =SUM($G7:H7) -> 0 | I8: =SUM($G7:I7) -> 0 | J8: =SUM($G7:J7) -> 0 | K8: =SUM($G7:K7) -> 0 | L8: =SUM($G7:L7) -> 0 | M8: =SUM($G7:M7) -> 0 | N8: =SUM($G7:N7) -> 0 | ... EG8: =SUM($G7:EG7) -> 100
A9: 1.2.6.1.7.3 | B9: C / F3 / OC / EEMM / Módulo 5 | C9: =Datos!F5 -> 46363 | D9: =Datos!G5 -> 46378 | E9: =NETWORKDAYS(C9,D9) -> 12 | F9: Avance parcial % | G9: =IF(AND(G$2>=$C9,G$2<=$D9,WEEKDAY(G$2,2)<=5),100/$E9,0) -> 0 | H9: =IF(AND(H$2>=$C9,H$2<=$D9,WEEKDAY(H$2,2)<=5),100/$E9,0) -> 0 | I9: =IF(AND(I$2>=$C9,I$2<=$D9,WEEKDAY(I$2,2)<=5),100/$E9,0) -> 0 | J9: =IF(AND(J$2>=$C9,J$2<=$D9,WEEKDAY(J$2,2)<=5),100/$E9,0) -> 0 | K9: =IF(AND(K$2>=$C9,K$2<=$D9,WEEKDAY(K$2,2)<=5),100/$E9,0) -> 0 | L9: =IF(AND(L$2>=$C9,L$2<=$D9,WEEKDAY(L$2,2)<=5),100/$E9,0) -> 0 | M9: =IF(AND(M$2>=$C9,M$2<=$D9,WEEKDAY(M$2,2)<=5),100/$E9,0) -> 0 | N9: =IF(AND(N$2>=$C9,N$2<=$D9,WEEKDAY(N$2,2)<=5),100/$E9,0) -> 0 | ... EG9: =IF(AND(EG$2>=$C9,EG$2<=$D9,WEEKDAY(EG$2,2)<=5),100/$E9,0) -> 0
F10: Avance acumulado % | G10: =SUM($G9:G9) -> 0 | H10: =SUM($G9:H9) -> 0 | I10: =SUM($G9:I9) -> 0 | J10: =SUM($G9:J9) -> 0 | K10: =SUM($G9:K9) -> 0 | L10: =SUM($G9:L9) -> 0 | M10: =SUM($G9:M9) -> 0 | N10: =SUM($G9:N9) -> 0 | ... EG10: =SUM($G9:EG9) -> 100
A11: 1.2.6.1.7.4 | B11: C / F3 / OC / EEMM / Módulo 4 | C11: =Datos!F6 -> 46365 | D11: =Datos!G6 -> 46378 | E11: =NETWORKDAYS(C11,D11) -> 10 | F11: Avance parcial % | G11: =IF(AND(G$2>=$C11,G$2<=$D11,WEEKDAY(G$2,2)<=5),100/$E11,0) -> 0 | H11: =IF(AND(H$2>=$C11,H$2<=$D11,WEEKDAY(H$2,2)<=5),100/$E11,0) -> 0 | I11: =IF(AND(I$2>=$C11,I$2<=$D11,WEEKDAY(I$2,2)<=5),100/$E11,0) -> 0 | J11: =IF(AND(J$2>=$C11,J$2<=$D11,WEEKDAY(J$2,2)<=5),100/$E11,0) -> 0 | K11: =IF(AND(K$2>=$C11,K$2<=$D11,WEEKDAY(K$2,2)<=5),100/$E11,0) -> 0 | L11: =IF(AND(L$2>=$C11,L$2<=$D11,WEEKDAY(L$2,2)<=5),100/$E11,0) -> 0 | M11: =IF(AND(M$2>=$C11,M$2<=$D11,WEEKDAY(M$2,2)<=5),100/$E11,0) -> 0 | N11: =IF(AND(N$2>=$C11,N$2<=$D11,WEEKDAY(N$2,2)<=5),100/$E11,0) -> 0 | ... EG11: =IF(AND(EG$2>=$C11,EG$2<=$D11,WEEKDAY(EG$2,2)<=5),100/$E11,0) -> 0
F12: Avance acumulado % | G12: =SUM($G11:G11) -> 0 | H12: =SUM($G11:H11) -> 0 | I12: =SUM($G11:I11) -> 0 | J12: =SUM($G11:J11) -> 0 | K12: =SUM($G11:K11) -> 0 | L12: =SUM($G11:L11) -> 0 | M12: =SUM($G11:M11) -> 0 | N12: =SUM($G11:N11) -> 0 | ... EG12: =SUM($G11:EG11) -> 100
A13: 1.2.6.1.7.5 | B13: C / F3 / OC / EEMM / Módulo 3 | C13: =Datos!F7 -> 46379 | D13: =Datos!G7 -> 46398 | E13: =NETWORKDAYS(C13,D13) -> 14 | F13: Avance parcial % | G13: =IF(AND(G$2>=$C13,G$2<=$D13,WEEKDAY(G$2,2)<=5),100/$E13,0) -> 0 | H13: =IF(AND(H$2>=$C13,H$2<=$D13,WEEKDAY(H$2,2)<=5),100/$E13,0) -> 0 | I13: =IF(AND(I$2>=$C13,I$2<=$D13,WEEKDAY(I$2,2)<=5),100/$E13,0) -> 0 | J13: =IF(AND(J$2>=$C13,J$2<=$D13,WEEKDAY(J$2,2)<=5),100/$E13,0) -> 0 | K13: =IF(AND(K$2>=$C13,K$2<=$D13,WEEKDAY(K$2,2)<=5),100/$E13,0) -> 0 | L13: =IF(AND(L$2>=$C13,L$2<=$D13,WEEKDAY(L$2,2)<=5),100/$E13,0) -> 0 | M13: =IF(AND(M$2>=$C13,M$2<=$D13,WEEKDAY(M$2,2)<=5),100/$E13,0) -> 0 | N13: =IF(AND(N$2>=$C13,N$2<=$D13,WEEKDAY(N$2,2)<=5),100/$E13,0) -> 0 | ... EG13: =IF(AND(EG$2>=$C13,EG$2<=$D13,WEEKDAY(EG$2,2)<=5),100/$E13,0) -> 0
F14: Avance acumulado % | G14: =SUM($G13:G13) -> 0 | H14: =SUM($G13:H13) -> 0 | I14: =SUM($G13:I13) -> 0 | J14: =SUM($G13:J13) -> 0 | K14: =SUM($G13:K13) -> 0 | L14: =SUM($G13:L13) -> 0 | M14: =SUM($G13:M13) -> 0 | N14: =SUM($G13:N13) -> 0 | ... EG14: =SUM($G13:EG13) -> 100
A15: 1.2.6.1.7.6 | B15: C / F3 / OC / EEMM / Módulo 2 | C15: =Datos!F8 -> 46399 | D15: =Datos!G8 -> 46426 | E15: =NETWORKDAYS(C15,D15) -> 20 | F15: Avance parcial % | G15: =IF(AND(G$2>=$C15,G$2<=$D15,WEEKDAY(G$2,2)<=5),100/$E15,0) -> 0 | H15: =IF(AND(H$2>=$C15,H$2<=$D15,WEEKDAY(H$2,2)<=5),100/$E15,0) -> 0 | I15: =IF(AND(I$2>=$C15,I$2<=$D15,WEEKDAY(I$2,2)<=5),100/$E15,0) -> 0 | J15: =IF(AND(J$2>=$C15,J$2<=$D15,WEEKDAY(J$2,2)<=5),100/$E15,0) -> 0 | K15: =IF(AND(K$2>=$C15,K$2<=$D15,WEEKDAY(K$2,2)<=5),100/$E15,0) -> 0 | L15: =IF(AND(L$2>=$C15,L$2<=$D15,WEEKDAY(L$2,2)<=5),100/$E15,0) -> 0 | M15: =IF(AND(M$2>=$C15,M$2<=$D15,WEEKDAY(M$2,2)<=5),100/$E15,0) -> 0 | N15: =IF(AND(N$2>=$C15,N$2<=$D15,WEEKDAY(N$2,2)<=5),100/$E15,0) -> 0 | ... EG15: =IF(AND(EG$2>=$C15,EG$2<=$D15,WEEKDAY(EG$2,2)<=5),100/$E15,0) -> 5
F16: Avance acumulado % | G16: =SUM($G15:G15) -> 0 | H16: =SUM($G15:H15) -> 0 | I16: =SUM($G15:I15) -> 0 | J16: =SUM($G15:J15) -> 0 | K16: =SUM($G15:K15) -> 0 | L16: =SUM($G15:L15) -> 0 | M16: =SUM($G15:M15) -> 0 | N16: =SUM($G15:N15) -> 0 | ... EG16: =SUM($G15:EG15) -> 100
A17: 1.2.5.1.9 | B17: C / F2 / OC / AMPLIACIÓN LOSA | C17: =Datos!F9 -> 46296 | D17: =Datos!G9 -> 46386 | E17: =NETWORKDAYS(C17,D17) -> 65 | F17: Avance parcial % | G17: =IF(AND(G$2>=$C17,G$2<=$D17,WEEKDAY(G$2,2)<=5),100/$E17,0) -> 1.5384615 | H17: =IF(AND(H$2>=$C17,H$2<=$D17,WEEKDAY(H$2,2)<=5),100/$E17,0) -> 1.5384615 | I17: =IF(AND(I$2>=$C17,I$2<=$D17,WEEKDAY(I$2,2)<=5),100/$E17,0) -> 0 | J17: =IF(AND(J$2>=$C17,J$2<=$D17,WEEKDAY(J$2,2)<=5),100/$E17,0) -> 0 | K17: =IF(AND(K$2>=$C17,K$2<=$D17,WEEKDAY(K$2,2)<=5),100/$E17,0) -> 1.5384615 | L17: =IF(AND(L$2>=$C17,L$2<=$D17,WEEKDAY(L$2,2)<=5),100/$E17,0) -> 1.5384615 | M17: =IF(AND(M$2>=$C17,M$2<=$D17,WEEKDAY(M$2,2)<=5),100/$E17,0) -> 1.5384615 | N17: =IF(AND(N$2>=$C17,N$2<=$D17,WEEKDAY(N$2,2)<=5),100/$E17,0) -> 1.5384615 | ... EG17: =IF(AND(EG$2>=$C17,EG$2<=$D17,WEEKDAY(EG$2,2)<=5),100/$E17,0) -> 0
F18: Avance acumulado % | G18: =SUM($G17:G17) -> 1.5384615 | H18: =SUM($G17:H17) -> 3.0769231 | I18: =SUM($G17:I17) -> 3.0769231 | J18: =SUM($G17:J17) -> 3.0769231 | K18: =SUM($G17:K17) -> 4.6153846 | L18: =SUM($G17:L17) -> 6.1538462 | M18: =SUM($G17:M17) -> 7.6923077 | N18: =SUM($G17:N17) -> 9.2307692 | ... EG18: =SUM($G17:EG17) -> 100
A19: 1.2.5.1.9.1 | B19: C / F2 / OC / Pilares de Acero | C19: =Datos!F10 -> 46296 | D19: =Datos!G10 -> 46310 | E19: =NETWORKDAYS(C19,D19) -> 11 | F19: Avance parcial % | G19: =IF(AND(G$2>=$C19,G$2<=$D19,WEEKDAY(G$2,2)<=5),100/$E19,0) -> 9.0909091 | H19: =IF(AND(H$2>=$C19,H$2<=$D19,WEEKDAY(H$2,2)<=5),100/$E19,0) -> 9.0909091 | I19: =IF(AND(I$2>=$C19,I$2<=$D19,WEEKDAY(I$2,2)<=5),100/$E19,0) -> 0 | J19: =IF(AND(J$2>=$C19,J$2<=$D19,WEEKDAY(J$2,2)<=5),100/$E19,0) -> 0 | K19: =IF(AND(K$2>=$C19,K$2<=$D19,WEEKDAY(K$2,2)<=5),100/$E19,0) -> 9.0909091 | L19: =IF(AND(L$2>=$C19,L$2<=$D19,WEEKDAY(L$2,2)<=5),100/$E19,0) -> 9.0909091 | M19: =IF(AND(M$2>=$C19,M$2<=$D19,WEEKDAY(M$2,2)<=5),100/$E19,0) -> 9.0909091 | N19: =IF(AND(N$2>=$C19,N$2<=$D19,WEEKDAY(N$2,2)<=5),100/$E19,0) -> 9.0909091 | ... EG19: =IF(AND(EG$2>=$C19,EG$2<=$D19,WEEKDAY(EG$2,2)<=5),100/$E19,0) -> 0
F20: Avance acumulado % | G20: =SUM($G19:G19) -> 9.0909091 | H20: =SUM($G19:H19) -> 18.181818 | I20: =SUM($G19:I19) -> 18.181818 | J20: =SUM($G19:J19) -> 18.181818 | K20: =SUM($G19:K19) -> 27.272727 | L20: =SUM($G19:L19) -> 36.363636 | M20: =SUM($G19:M19) -> 45.454545 | N20: =SUM($G19:N19) -> 54.545455 | ... EG20: =SUM($G19:EG19) -> 100
A21: 1.2.5.1.9.9 | B21: C / F2 / OC / Vigas de Acero | C21: =Datos!F11 -> 46311 | D21: =Datos!G11 -> 46331 | E21: =NETWORKDAYS(C21,D21) -> 15 | F21: Avance parcial % | G21: =IF(AND(G$2>=$C21,G$2<=$D21,WEEKDAY(G$2,2)<=5),100/$E21,0) -> 0 | H21: =IF(AND(H$2>=$C21,H$2<=$D21,WEEKDAY(H$2,2)<=5),100/$E21,0) -> 0 | I21: =IF(AND(I$2>=$C21,I$2<=$D21,WEEKDAY(I$2,2)<=5),100/$E21,0) -> 0 | J21: =IF(AND(J$2>=$C21,J$2<=$D21,WEEKDAY(J$2,2)<=5),100/$E21,0) -> 0 | K21: =IF(AND(K$2>=$C21,K$2<=$D21,WEEKDAY(K$2,2)<=5),100/$E21,0) -> 0 | L21: =IF(AND(L$2>=$C21,L$2<=$D21,WEEKDAY(L$2,2)<=5),100/$E21,0) -> 0 | M21: =IF(AND(M$2>=$C21,M$2<=$D21,WEEKDAY(M$2,2)<=5),100/$E21,0) -> 0 | N21: =IF(AND(N$2>=$C21,N$2<=$D21,WEEKDAY(N$2,2)<=5),100/$E21,0) -> 0 | ... EG21: =IF(AND(EG$2>=$C21,EG$2<=$D21,WEEKDAY(EG$2,2)<=5),100/$E21,0) -> 0
F22: Avance acumulado % | G22: =SUM($G21:G21) -> 0 | H22: =SUM($G21:H21) -> 0 | I22: =SUM($G21:I21) -> 0 | J22: =SUM($G21:J21) -> 0 | K22: =SUM($G21:K21) -> 0 | L22: =SUM($G21:L21) -> 0 | M22: =SUM($G21:M21) -> 0 | N22: =SUM($G21:N21) -> 0 | ... EG22: =SUM($G21:EG21) -> 100
A23: 1.2.5.1.9.8 | B23: C / F2 / OC / Instalación Losa Colaborante | C23: =Datos!F12 -> 46332 | D23: =Datos!G12 -> 46352 | E23: =NETWORKDAYS(C23,D23) -> 15 | F23: Avance parcial % | G23: =IF(AND(G$2>=$C23,G$2<=$D23,WEEKDAY(G$2,2)<=5),100/$E23,0) -> 0 | H23: =IF(AND(H$2>=$C23,H$2<=$D23,WEEKDAY(H$2,2)<=5),100/$E23,0) -> 0 | I23: =IF(AND(I$2>=$C23,I$2<=$D23,WEEKDAY(I$2,2)<=5),100/$E23,0) -> 0 | J23: =IF(AND(J$2>=$C23,J$2<=$D23,WEEKDAY(J$2,2)<=5),100/$E23,0) -> 0 | K23: =IF(AND(K$2>=$C23,K$2<=$D23,WEEKDAY(K$2,2)<=5),100/$E23,0) -> 0 | L23: =IF(AND(L$2>=$C23,L$2<=$D23,WEEKDAY(L$2,2)<=5),100/$E23,0) -> 0 | M23: =IF(AND(M$2>=$C23,M$2<=$D23,WEEKDAY(M$2,2)<=5),100/$E23,0) -> 0 | N23: =IF(AND(N$2>=$C23,N$2<=$D23,WEEKDAY(N$2,2)<=5),100/$E23,0) -> 0 | ... EG23: =IF(AND(EG$2>=$C23,EG$2<=$D23,WEEKDAY(EG$2,2)<=5),100/$E23,0) -> 0
F24: Avance acumulado % | G24: =SUM($G23:G23) -> 0 | H24: =SUM($G23:H23) -> 0 | I24: =SUM($G23:I23) -> 0 | J24: =SUM($G23:J23) -> 0 | K24: =SUM($G23:K23) -> 0 | L24: =SUM($G23:L23) -> 0 | M24: =SUM($G23:M23) -> 0 | N24: =SUM($G23:N23) -> 0 | ... EG24: =SUM($G23:EG23) -> 100
A25: 1.2.5.1.9.10 | B25: C / F2 / OC / Instalación Perno Stud en Losa | C25: =Datos!F13 -> 46346 | D25: =Datos!G13 -> 46350 | E25: =NETWORKDAYS(C25,D25) -> 3 | F25: Avance parcial % | G25: =IF(AND(G$2>=$C25,G$2<=$D25,WEEKDAY(G$2,2)<=5),100/$E25,0) -> 0 | H25: =IF(AND(H$2>=$C25,H$2<=$D25,WEEKDAY(H$2,2)<=5),100/$E25,0) -> 0 | I25: =IF(AND(I$2>=$C25,I$2<=$D25,WEEKDAY(I$2,2)<=5),100/$E25,0) -> 0 | J25: =IF(AND(J$2>=$C25,J$2<=$D25,WEEKDAY(J$2,2)<=5),100/$E25,0) -> 0 | K25: =IF(AND(K$2>=$C25,K$2<=$D25,WEEKDAY(K$2,2)<=5),100/$E25,0) -> 0 | L25: =IF(AND(L$2>=$C25,L$2<=$D25,WEEKDAY(L$2,2)<=5),100/$E25,0) -> 0 | M25: =IF(AND(M$2>=$C25,M$2<=$D25,WEEKDAY(M$2,2)<=5),100/$E25,0) -> 0 | N25: =IF(AND(N$2>=$C25,N$2<=$D25,WEEKDAY(N$2,2)<=5),100/$E25,0) -> 0 | ... EG25: =IF(AND(EG$2>=$C25,EG$2<=$D25,WEEKDAY(EG$2,2)<=5),100/$E25,0) -> 0
F26: Avance acumulado % | G26: =SUM($G25:G25) -> 0 | H26: =SUM($G25:H25) -> 0 | I26: =SUM($G25:I25) -> 0 | J26: =SUM($G25:J25) -> 0 | K26: =SUM($G25:K25) -> 0 | L26: =SUM($G25:L25) -> 0 | M26: =SUM($G25:M25) -> 0 | N26: =SUM($G25:N25) -> 0 | ... EG26: =SUM($G25:EG25) -> 100
A27: 1.2.5.1.9.11 | B27: C / F2 / OC / Instalación Armadura, pasadas y placas base | C27: =Datos!F14 -> 46351 | D27: =Datos!G14 -> 46357 | E27: =NETWORKDAYS(C27,D27) -> 5 | F27: Avance parcial % | G27: =IF(AND(G$2>=$C27,G$2<=$D27,WEEKDAY(G$2,2)<=5),100/$E27,0) -> 0 | H27: =IF(AND(H$2>=$C27,H$2<=$D27,WEEKDAY(H$2,2)<=5),100/$E27,0) -> 0 | I27: =IF(AND(I$2>=$C27,I$2<=$D27,WEEKDAY(I$2,2)<=5),100/$E27,0) -> 0 | J27: =IF(AND(J$2>=$C27,J$2<=$D27,WEEKDAY(J$2,2)<=5),100/$E27,0) -> 0 | K27: =IF(AND(K$2>=$C27,K$2<=$D27,WEEKDAY(K$2,2)<=5),100/$E27,0) -> 0 | L27: =IF(AND(L$2>=$C27,L$2<=$D27,WEEKDAY(L$2,2)<=5),100/$E27,0) -> 0 | M27: =IF(AND(M$2>=$C27,M$2<=$D27,WEEKDAY(M$2,2)<=5),100/$E27,0) -> 0 | N27: =IF(AND(N$2>=$C27,N$2<=$D27,WEEKDAY(N$2,2)<=5),100/$E27,0) -> 0 | ... EG27: =IF(AND(EG$2>=$C27,EG$2<=$D27,WEEKDAY(EG$2,2)<=5),100/$E27,0) -> 0
F28: Avance acumulado % | G28: =SUM($G27:G27) -> 0 | H28: =SUM($G27:H27) -> 0 | I28: =SUM($G27:I27) -> 0 | J28: =SUM($G27:J27) -> 0 | K28: =SUM($G27:K27) -> 0 | L28: =SUM($G27:L27) -> 0 | M28: =SUM($G27:M27) -> 0 | N28: =SUM($G27:N27) -> 0 | ... EG28: =SUM($G27:EG27) -> 100

Sheet Avance Semanal
A1: ITEM | B1: Actividad | C1: Tipo | D1: S06 28-sep al 04-oct | E1: S07 05-oct al 11-oct | F1: S08 12-oct al 18-oct | G1: S09 19-oct al 25-oct | H1: S10 26-oct al 01-nov | I1: S11 02-nov al 08-nov | J1: S12 09-nov al 15-nov | K1: S13 16-nov al 22-nov | L1: S14 23-nov al 29-nov | M1: S15 30-nov al 06-dic | N1: S16 07-dic al 13-dic | O1: S17 14-dic al 20-dic | P1: S18 21-dic al 27-dic | Q1: S19 28-dic al 03-ene | R1: S20 04-ene al 10-ene | S1: S21 11-ene al 17-ene | T1: S22 18-ene al 24-ene | U1: S23 25-ene al 31-ene | V1: S24 01-feb al 07-feb | W1: S25 08-feb al 14-feb
A2: 1.2.6.1.7 | B2: C / F3 / OC / ESTRUCTURA METÁLICAS | C2: Avance parcial % | D2: =SUM('Avance Diario'!G3:J3) -> 0 | E2: =SUM('Avance Diario'!K3:Q3) -> 0 | F2: =SUM('Avance Diario'!R3:X3) -> 0 | G2: =SUM('Avance Diario'!Y3:AE3) -> 2.5641026 | H2: =SUM('Avance Diario'!AF3:AL3) -> 6.4102564 | I2: =SUM('Avance Diario'!AM3:AS3) -> 6.4102564 | J2: =SUM('Avance Diario'!AT3:AZ3) -> 6.4102564 | K2: =SUM('Avance Diario'!BA3:BG3) -> 6.4102564 | L2: =SUM('Avance Diario'!BH3:BN3) -> 6.4102564 | M2: =SUM('Avance Diario'!BO3:BU3) -> 6.4102564 | N2: =SUM('Avance Diario'!BV3:CB3) -> 6.4102564 | O2: =SUM('Avance Diario'!CC3:CI3) -> 6.4102564 | P2: =SUM('Avance Diario'!CJ3:CP3) -> 6.4102564 | Q2: =SUM('Avance Diario'!CQ3:CW3) -> 6.4102564 | R2: =SUM('Avance Diario'!CX3:DD3) -> 6.4102564 | S2: =SUM('Avance Diario'!DE3:DK3) -> 6.4102564 | T2: =SUM('Avance Diario'!DL3:DR3) -> 6.4102564 | U2: =SUM('Avance Diario'!DS3:DY3) -> 6.4102564 | V2: =SUM('Avance Diario'!DZ3:EF3) -> 6.4102564 | W2: =SUM('Avance Diario'!EG3:EG3) -> 1.2820513
C3: Avance acumulado % | D3: =SUM($D2:D2) -> 0 | E3: =SUM($D2:E2) -> 0 | F3: =SUM($D2:F2) -> 0 | G3: =SUM($D2:G2) -> 2.5641026 | H3: =SUM($D2:H2) -> 8.974359 | I3: =SUM($D2:I2) -> 15.384615 | J3: =SUM($D2:J2) -> 21.794872 | K3: =SUM($D2:K2) -> 28.205128 | ... W3: =SUM($D2:W2) -> 100
A4: 1.2.6.1.7.1 | B4: C / F3 / OC / EEMM / Módulo 1 & 7 | C4: Avance parcial % | D4: =SUM('Avance Diario'!G5:J5) -> 0 | E4: =SUM('Avance Diario'!K5:Q5) -> 0 | F4: =SUM('Avance Diario'!R5:X5) -> 0 | G4: =SUM('Avance Diario'!Y5:AE5) -> 10 | H4: =SUM('Avance Diario'!AF5:AL5) -> 25 | I4: =SUM('Avance Diario'!AM5:AS5) -> 25 | J4: =SUM('Avance Diario'!AT5:AZ5) -> 25 | K4: =SUM('Avance Diario'!BA5:BG5) -> 15 | L4: =SUM('Avance Diario'!BH5:BN5) -> 0 | M4: =SUM('Avance Diario'!BO5:BU5) -> 0 | N4: =SUM('Avance Diario'!BV5:CB5) -> 0 | O4: =SUM('Avance Diario'!CC5:CI5) -> 0 | P4: =SUM('Avance Diario'!CJ5:CP5) -> 0 | Q4: =SUM('Avance Diario'!CQ5:CW5) -> 0 | R4: =SUM('Avance Diario'!CX5:DD5) -> 0 | S4: =SUM('Avance Diario'!DE5:DK5) -> 0 | T4: =SUM('Avance Diario'!DL5:DR5) -> 0 | U4: =SUM('Avance Diario'!DS5:DY5) -> 0 | V4: =SUM('Avance Diario'!DZ5:EF5) -> 0 | W4: =SUM('Avance Diario'!EG5:EG5) -> 0
C5: Avance acumulado % | D5: =SUM($D4:D4) -> 0 | E5: =SUM($D4:E4) -> 0 | F5: =SUM($D4:F4) -> 0 | G5: =SUM($D4:G4) -> 10 | H5: =SUM($D4:H4) -> 35 | I5: =SUM($D4:I4) -> 60 | J5: =SUM($D4:J4) -> 85 | K5: =SUM($D4:K4) -> 100 | ... W5: =SUM($D4:W4) -> 100
A6: 1.2.6.1.7.2 | B6: C / F3 / OC / EEMM / Módulo 6 | C6: Avance parcial % | D6: =SUM('Avance Diario'!G7:J7) -> 0 | E6: =SUM('Avance Diario'!K7:Q7) -> 0 | F6: =SUM('Avance Diario'!R7:X7) -> 0 | G6: =SUM('Avance Diario'!Y7:AE7) -> 0 | H6: =SUM('Avance Diario'!AF7:AL7) -> 0 | I6: =SUM('Avance Diario'!AM7:AS7) -> 6.4516129 | J6: =SUM('Avance Diario'!AT7:AZ7) -> 16.129032 | K6: =SUM('Avance Diario'!BA7:BG7) -> 16.129032 | L6: =SUM('Avance Diario'!BH7:BN7) -> 16.129032 | M6: =SUM('Avance Diario'!BO7:BU7) -> 16.129032 | N6: =SUM('Avance Diario'!BV7:CB7) -> 16.129032 | O6: =SUM('Avance Diario'!CC7:CI7) -> 12.903226 | P6: =SUM('Avance Diario'!CJ7:CP7) -> 0 | Q6: =SUM('Avance Diario'!CQ7:CW7) -> 0 | R6: =SUM('Avance Diario'!CX7:DD7) -> 0 | S6: =SUM('Avance Diario'!DE7:DK7) -> 0 | T6: =SUM('Avance Diario'!DL7:DR7) -> 0 | U6: =SUM('Avance Diario'!DS7:DY7) -> 0 | V6: =SUM('Avance Diario'!DZ7:EF7) -> 0 | W6: =SUM('Avance Diario'!EG7:EG7) -> 0
C7: Avance acumulado % | D7: =SUM($D6:D6) -> 0 | E7: =SUM($D6:E6) -> 0 | F7: =SUM($D6:F6) -> 0 | G7: =SUM($D6:G6) -> 0 | H7: =SUM($D6:H6) -> 0 | I7: =SUM($D6:I6) -> 6.4516129 | J7: =SUM($D6:J6) -> 22.580645 | K7: =SUM($D6:K6) -> 38.709677 | ... W7: =SUM($D6:W6) -> 100
A8: 1.2.6.1.7.3 | B8: C / F3 / OC / EEMM / Módulo 5 | C8: Avance parcial % | D8: =SUM('Avance Diario'!G9:J9) -> 0 | E8: =SUM('Avance Diario'!K9:Q9) -> 0 | F8: =SUM('Avance Diario'!R9:X9) -> 0 | G8: =SUM('Avance Diario'!Y9:AE9) -> 0 | H8: =SUM('Avance Diario'!AF9:AL9) -> 0 | I8: =SUM('Avance Diario'!AM9:AS9) -> 0 | J8: =SUM('Avance Diario'!AT9:AZ9) -> 0 | K8: =SUM('Avance Diario'!BA9:BG9) -> 0 | L8: =SUM('Avance Diario'!BH9:BN9) -> 0 | M8: =SUM('Avance Diario'!BO9:BU9) -> 0 | N8: =SUM('Avance Diario'!BV9:CB9) -> 41.666667 | O8: =SUM('Avance Diario'!CC9:CI9) -> 41.666667 | P8: =SUM('Avance Diario'!CJ9:CP9) -> 16.666667 | Q8: =SUM('Avance Diario'!CQ9:CW9) -> 0 | R8: =SUM('Avance Diario'!CX9:DD9) -> 0 | S8: =SUM('Avance Diario'!DE9:DK9) -> 0 | T8: =SUM('Avance Diario'!DL9:DR9) -> 0 | U8: =SUM('Avance Diario'!DS9:DY9) -> 0 | V8: =SUM('Avance Diario'!DZ9:EF9) -> 0 | W8: =SUM('Avance Diario'!EG9:EG9) -> 0
C9: Avance acumulado % | D9: =SUM($D8:D8) -> 0 | E9: =SUM($D8:E8) -> 0 | F9: =SUM($D8:F8) -> 0 | G9: =SUM($D8:G8) -> 0 | H9: =SUM($D8:H8) -> 0 | I9: =SUM($D8:I8) -> 0 | J9: =SUM($D8:J8) -> 0 | K9: =SUM($D8:K8) -> 0 | ... W9: =SUM($D8:W8) -> 100
A10: 1.2.6.1.7.4 | B10: C / F3 / OC / EEMM / Módulo 4 | C10: Avance parcial % | D10: =SUM('Avance Diario'!G11:J11) -> 0 | E10: =SUM('Avance Diario'!K11:Q11) -> 0 | F10: =SUM('Avance Diario'!R11:X11) -> 0 | G10: =SUM('Avance Diario'!Y11:AE11) -> 0 | H10: =SUM('Avance Diario'!AF11:AL11) -> 0 | I10: =SUM('Avance Diario'!AM11:AS11) -> 0 | J10: =SUM('Avance Diario'!AT11:AZ11) -> 0 | K10: =SUM('Avance Diario'!BA11:BG11) -> 0 | L10: =SUM('Avance Diario'!BH11:BN11) -> 0 | M10: =SUM('Avance Diario'!BO11:BU11) -> 0 | N10: =SUM('Avance Diario'!BV11:CB11) -> 30 | O10: =SUM('Avance Diario'!CC11:CI11) -> 50 | P10: =SUM('Avance Diario'!CJ11:CP11) -> 20 | Q10: =SUM('Avance Diario'!CQ11:CW11) -> 0 | R10: =SUM('Avance Diario'!CX11:DD11) -> 0 | S10: =SUM('Avance Diario'!DE11:DK11) -> 0 | T10: =SUM('Avance Diario'!DL11:DR11) -> 0 | U10: =SUM('Avance Diario'!DS11:DY11) -> 0 | V10: =SUM('Avance Diario'!DZ11:EF11) -> 0 | W10: =SUM('Avance Diario'!EG11:EG11) -> 0
C11: Avance acumulado % | D11: =SUM($D10:D10) -> 0 | E11: =SUM($D10:E10) -> 0 | F11: =SUM($D10:F10) -> 0 | G11: =SUM($D10:G10) -> 0 | H11: =SUM($D10:H10) -> 0 | I11: =SUM($D10:I10) -> 0 | J11: =SUM($D10:J10) -> 0 | K11: =SUM($D10:K10) -> 0 | ... W11: =SUM($D10:W10) -> 100
A12: 1.2.6.1.7.5 | B12: C / F3 / OC / EEMM / Módulo 3 | C12: Avance parcial % | D12: =SUM('Avance Diario'!G13:J13) -> 0 | E12: =SUM('Avance Diario'!K13:Q13) -> 0 | F12: =SUM('Avance Diario'!R13:X13) -> 0 | G12: =SUM('Avance Diario'!Y13:AE13) -> 0 | H12: =SUM('Avance Diario'!AF13:AL13) -> 0 | I12: =SUM('Avance Diario'!AM13:AS13) -> 0 | J12: =SUM('Avance Diario'!AT13:AZ13) -> 0 | K12: =SUM('Avance Diario'!BA13:BG13) -> 0 | L12: =SUM('Avance Diario'!BH13:BN13) -> 0 | M12: =SUM('Avance Diario'!BO13:BU13) -> 0 | N12: =SUM('Avance Diario'!BV13:CB13) -> 0 | O12: =SUM('Avance Diario'!CC13:CI13) -> 0 | P12: =SUM('Avance Diario'!CJ13:CP13) -> 21.428571 | Q12: =SUM('Avance Diario'!CQ13:CW13) -> 35.714286 | R12: =SUM('Avance Diario'!CX13:DD13) -> 35.714286 | S12: =SUM('Avance Diario'!DE13:DK13) -> 7.1428571 | T12: =SUM('Avance Diario'!DL13:DR13) -> 0 | U12: =SUM('Avance Diario'!DS13:DY13) -> 0 | V12: =SUM('Avance Diario'!DZ13:EF13) -> 0 | W12: =SUM('Avance Diario'!EG13:EG13) -> 0
C13: Avance acumulado % | D13: =SUM($D12:D12) -> 0 | E13: =SUM($D12:E12) -> 0 | F13: =SUM($D12:F12) -> 0 | G13: =SUM($D12:G12) -> 0 | H13: =SUM($D12:H12) -> 0 | I13: =SUM($D12:I12) -> 0 | J13: =SUM($D12:J12) -> 0 | K13: =SUM($D12:K12) -> 0 | ... W13: =SUM($D12:W12) -> 100
A14: 1.2.6.1.7.6 | B14: C / F3 / OC / EEMM / Módulo 2 | C14: Avance parcial % | D14: =SUM('Avance Diario'!G15:J15) -> 0 | E14: =SUM('Avance Diario'!K15:Q15) -> 0 | F14: =SUM('Avance Diario'!R15:X15) -> 0 | G14: =SUM('Avance Diario'!Y15:AE15) -> 0 | H14: =SUM('Avance Diario'!AF15:AL15) -> 0 | I14: =SUM('Avance Diario'!AM15:AS15) -> 0 | J14: =SUM('Avance Diario'!AT15:AZ15) -> 0 | K14: =SUM('Avance Diario'!BA15:BG15) -> 0 | L14: =SUM('Avance Diario'!BH15:BN15) -> 0 | M14: =SUM('Avance Diario'!BO15:BU15) -> 0 | N14: =SUM('Avance Diario'!BV15:CB15) -> 0 | O14: =SUM('Avance Diario'!CC15:CI15) -> 0 | P14: =SUM('Avance Diario'!CJ15:CP15) -> 0 | Q14: =SUM('Avance Diario'!CQ15:CW15) -> 0 | R14: =SUM('Avance Diario'!CX15:DD15) -> 0 | S14: =SUM('Avance Diario'!DE15:DK15) -> 20 | T14: =SUM('Avance Diario'!DL15:DR15) -> 25 | U14: =SUM('Avance Diario'!DS15:DY15) -> 25 | V14: =SUM('Avance Diario'!DZ15:EF15) -> 25 | W14: =SUM('Avance Diario'!EG15:EG15) -> 5
C15: Avance acumulado % | D15: =SUM($D14:D14) -> 0 | E15: =SUM($D14:E14) -> 0 | F15: =SUM($D14:F14) -> 0 | G15: =SUM($D14:G14) -> 0 | H15: =SUM($D14:H14) -> 0 | I15: =SUM($D14:I14) -> 0 | J15: =SUM($D14:J14) -> 0 | K15: =SUM($D14:K14) -> 0 | ... W15: =SUM($D14:W14) -> 100
A16: 1.2.5.1.9 | B16: C / F2 / OC / AMPLIACIÓN LOSA | C16: Avance parcial % | D16: =SUM('Avance Diario'!G17:J17) -> 3.0769231 | E16: =SUM('Avance Diario'!K17:Q17) -> 7.6923077 | F16: =SUM('Avance Diario'!R17:X17) -> 7.6923077 | G16: =SUM('Avance Diario'!Y17:AE17) -> 7.6923077 | H16: =SUM('Avance Diario'!AF17:AL17) -> 7.6923077 | I16: =SUM('Avance Diario'!AM17:AS17) -> 7.6923077 | J16: =SUM('Avance Diario'!AT17:AZ17) -> 7.6923077 | K16: =SUM('Avance Diario'!BA17:BG17) -> 7.6923077 | L16: =SUM('Avance Diario'!BH17:BN17) -> 7.6923077 | M16: =SUM('Avance Diario'!BO17:BU17) -> 7.6923077 | N16: =SUM('Avance Diario'!BV17:CB17) -> 7.6923077 | O16: =SUM('Avance Diario'!CC17:CI17) -> 7.6923077 | P16: =SUM('Avance Diario'!CJ17:CP17) -> 7.6923077 | Q16: =SUM('Avance Diario'!CQ17:CW17) -> 4.6153846 | R16: =SUM('Avance Diario'!CX17:DD17) -> 0 | S16: =SUM('Avance Diario'!DE17:DK17) -> 0 | T16: =SUM('Avance Diario'!DL17:DR17) -> 0 | U16: =SUM('Avance Diario'!DS17:DY17) -> 0 | V16: =SUM('Avance Diario'!DZ17:EF17) -> 0 | W16: =SUM('Avance Diario'!EG17:EG17) -> 0
C17: Avance acumulado % | D17: =SUM($D16:D16) -> 3.0769231 | E17: =SUM($D16:E16) -> 10.769231 | F17: =SUM($D16:F16) -> 18.461538 | G17: =SUM($D16:G16) -> 26.153846 | H17: =SUM($D16:H16) -> 33.846154 | I17: =SUM($D16:I16) -> 41.538462 | J17: =SUM($D16:J16) -> 49.230769 | K17: =SUM($D16:K16) -> 56.923077 | ... W17: =SUM($D16:W16) -> 100
A18: 1.2.5.1.9.1 | B18: C / F2 / OC / Pilares de Acero | C18: Avance parcial % | D18: =SUM('Avance Diario'!G19:J19) -> 18.181818 | E18: =SUM('Avance Diario'!K19:Q19) -> 45.454545 | F18: =SUM('Avance Diario'!R19:X19) -> 36.363636 | G18: =SUM('Avance Diario'!Y19:AE19) -> 0 | H18: =SUM('Avance Diario'!AF19:AL19) -> 0 | I18: =SUM('Avance Diario'!AM19:AS19) -> 0 | J18: =SUM('Avance Diario'!AT19:AZ19) -> 0 | K18: =SUM('Avance Diario'!BA19:BG19) -> 0 | L18: =SUM('Avance Diario'!BH19:BN19) -> 0 | M18: =SUM('Avance Diario'!BO19:BU19) -> 0 | N18: =SUM('Avance Diario'!BV19:CB19) -> 0 | O18: =SUM('Avance Diario'!CC19:CI19) -> 0 | P18: =SUM('Avance Diario'!CJ19:CP19) -> 0 | Q18: =SUM('Avance Diario'!CQ19:CW19) -> 0 | R18: =SUM('Avance Diario'!CX19:DD19) -> 0 | S18: =SUM('Avance Diario'!DE19:DK19) -> 0 | T18: =SUM('Avance Diario'!DL19:DR19) -> 0 | U18: =SUM('Avance Diario'!DS19:DY19) -> 0 | V18: =SUM('Avance Diario'!DZ19:EF19) -> 0 | W18: =SUM('Avance Diario'!EG19:EG19) -> 0
C19: Avance acumulado % | D19: =SUM($D18:D18) -> 18.181818 | E19: =SUM($D18:E18) -> 63.636364 | F19: =SUM($D18:F18) -> 100 | G19: =SUM($D18:G18) -> 100 | H19: =SUM($D18:H18) -> 100 | I19: =SUM($D18:I18) -> 100 | J19: =SUM($D18:J18) -> 100 | K19: =SUM($D18:K18) -> 100 | ... W19: =SUM($D18:W18) -> 100
A20: 1.2.5.1.9.9 | B20: C / F2 / OC / Vigas de Acero | C20: Avance parcial % | D20: =SUM('Avance Diario'!G21:J21) -> 0 | E20: =SUM('Avance Diario'!K21:Q21) -> 0 | F20: =SUM('Avance Diario'!R21:X21) -> 6.6666667 | G20: =SUM('Avance Diario'!Y21:AE21) -> 33.333333 | H20: =SUM('Avance Diario'!AF21:AL21) -> 33.333333 | I20: =SUM('Avance Diario'!AM21:AS21) -> 26.666667 | J20: =SUM('Avance Diario'!AT21:AZ21) -> 0 | K20: =SUM('Avance Diario'!BA21:BG21) -> 0 | L20: =SUM('Avance Diario'!BH21:BN21) -> 0 | M20: =SUM('Avance Diario'!BO21:BU21) -> 0 | N20: =SUM('Avance Diario'!BV21:CB21) -> 0 | O20: =SUM('Avance Diario'!CC21:CI21) -> 0 | P20: =SUM('Avance Diario'!CJ21:CP21) -> 0 | Q20: =SUM('Avance Diario'!CQ21:CW21) -> 0 | R20: =SUM('Avance Diario'!CX21:DD21) -> 0 | S20: =SUM('Avance Diario'!DE21:DK21) -> 0 | T20: =SUM('Avance Diario'!DL21:DR21) -> 0 | U20: =SUM('Avance Diario'!DS21:DY21) -> 0 | V20: =SUM('Avance Diario'!DZ21:EF21) -> 0 | W20: =SUM('Avance Diario'!EG21:EG21) -> 0
C21: Avance acumulado % | D21: =SUM($D20:D20) -> 0 | E21: =SUM($D20:E20) -> 0 | F21: =SUM($D20:F20) -> 6.6666667 | G21: =SUM($D20:G20) -> 40 | H21: =SUM($D20:H20) -> 73.333333 | I21: =SUM($D20:I20) -> 100 | J21: =SUM($D20:J20) -> 100 | K21: =SUM($D20:K20) -> 100 | ... W21: =SUM($D20:W20) -> 100
A22: 1.2.5.1.9.8 | B22: C / F2 / OC / Instalación Losa Colaborante | C22: Avance parcial % | D22: =SUM('Avance Diario'!G23:J23) -> 0 | E22: =SUM('Avance Diario'!K23:Q23) -> 0 | F22: =SUM('Avance Diario'!R23:X23) -> 0 | G22: =SUM('Avance Diario'!Y23:AE23) -> 0 | H22: =SUM('Avance Diario'!AF23:AL23) -> 0 | I22: =SUM('Avance Diario'!AM23:AS23) -> 6.6666667 | J22: =SUM('Avance Diario'!AT23:AZ23) -> 33.333333 | K22: =SUM('Avance Diario'!BA23:BG23) -> 33.333333 | L22: =SUM('Avance Diario'!BH23:BN23) -> 26.666667 | M22: =SUM('Avance Diario'!BO23:BU23) -> 0 | N22: =SUM('Avance Diario'!BV23:CB23) -> 0 | O22: =SUM('Avance Diario'!CC23:CI23) -> 0 | P22: =SUM('Avance Diario'!CJ23:CP23) -> 0 | Q22: =SUM('Avance Diario'!CQ23:CW23) -> 0 | R22: =SUM('Avance Diario'!CX23:DD23) -> 0 | S22: =SUM('Avance Diario'!DE23:DK23) -> 0 | T22: =SUM('Avance Diario'!DL23:DR23) -> 0 | U22: =SUM('Avance Diario'!DS23:DY23) -> 0 | V22: =SUM('Avance Diario'!DZ23:EF23) -> 0 | W22: =SUM('Avance Diario'!EG23:EG23) -> 0
C23: Avance acumulado % | D23: =SUM($D22:D22) -> 0 | E23: =SUM($D22:E22) -> 0 | F23: =SUM($D22:F22) -> 0 | G23: =SUM($D22:G22) -> 0 | H23: =SUM($D22:H22) -> 0 | I23: =SUM($D22:I22) -> 6.6666667 | J23: =SUM($D22:J22) -> 40 | K23: =SUM($D22:K22) -> 73.333333 | ... W23: =SUM($D22:W22) -> 100
A24: 1.2.5.1.9.10 | B24: C / F2 / OC / Instalación Perno Stud en Losa | C24: Avance parcial % | D24: =SUM('Avance Diario'!G25:J25) -> 0 | E24: =SUM('Avance Diario'!K25:Q25) -> 0 | F24: =SUM('Avance Diario'!R25:X25) -> 0 | G24: =SUM('Avance Diario'!Y25:AE25) -> 0 | H24: =SUM('Avance Diario'!AF25:AL25) -> 0 | I24: =SUM('Avance Diario'!AM25:AS25) -> 0 | J24: =SUM('Avance Diario'!AT25:AZ25) -> 0 | K24: =SUM('Avance Diario'!BA25:BG25) -> 33.333333 | L24: =SUM('Avance Diario'!BH25:BN25) -> 66.666667 | M24: =SUM('Avance Diario'!BO25:BU25) -> 0 | N24: =SUM('Avance Diario'!BV25:CB25) -> 0 | O24: =SUM('Avance Diario'!CC25:CI25) -> 0 | P24: =SUM('Avance Diario'!CJ25:CP25) -> 0 | Q24: =SUM('Avance Diario'!CQ25:CW25) -> 0 | R24: =SUM('Avance Diario'!CX25:DD25) -> 0 | S24: =SUM('Avance Diario'!DE25:DK25) -> 0 | T24: =SUM('Avance Diario'!DL25:DR25) -> 0 | U24: =SUM('Avance Diario'!DS25:DY25) -> 0 | V24: =SUM('Avance Diario'!DZ25:EF25) -> 0 | W24: =SUM('Avance Diario'!EG25:EG25) -> 0
C25: Avance acumulado % | D25: =SUM($D24:D24) -> 0 | E25: =SUM($D24:E24) -> 0 | F25: =SUM($D24:F24) -> 0 | G25: =SUM($D24:G24) -> 0 | H25: =SUM($D24:H24) -> 0 | I25: =SUM($D24:I24) -> 0 | J25: =SUM($D24:J24) -> 0 | K25: =SUM($D24:K24) -> 33.333333 | ... W25: =SUM($D24:W24) -> 100
A26: 1.2.5.1.9.11 | B26: C / F2 / OC / Instalación Armadura, pasadas y placas base | C26: Avance parcial % | D26: =SUM('Avance Diario'!G27:J27) -> 0 | E26: =SUM('Avance Diario'!K27:Q27) -> 0 | F26: =SUM('Avance Diario'!R27:X27) -> 0 | G26: =SUM('Avance Diario'!Y27:AE27) -> 0 | H26: =SUM('Avance Diario'!AF27:AL27) -> 0 | I26: =SUM('Avance Diario'!AM27:AS27) -> 0 | J26: =SUM('Avance Diario'!AT27:AZ27) -> 0 | K26: =SUM('Avance Diario'!BA27:BG27) -> 0 | L26: =SUM('Avance Diario'!BH27:BN27) -> 60 | M26: =SUM('Avance Diario'!BO27:BU27) -> 40 | N26: =SUM('Avance Diario'!BV27:CB27) -> 0 | O26: =SUM('Avance Diario'!CC27:CI27) -> 0 | P26: =SUM('Avance Diario'!CJ27:CP27) -> 0 | Q26: =SUM('Avance Diario'!CQ27:CW27) -> 0 | R26: =SUM('Avance Diario'!CX27:DD27) -> 0 | S26: =SUM('Avance Diario'!DE27:DK27) -> 0 | T26: =SUM('Avance Diario'!DL27:DR27) -> 0 | U26: =SUM('Avance Diario'!DS27:DY27) -> 0 | V26: =SUM('Avance Diario'!DZ27:EF27) -> 0 | W26: =SUM('Avance Diario'!EG27:EG27) -> 0
C27: Avance acumulado % | D27: =SUM($D26:D26) -> 0 | E27: =SUM($D26:E26) -> 0 | F27: =SUM($D26:F26) -> 0 | G27: =SUM($D26:G26) -> 0 | H27: =SUM($D26:H26) -> 0 | I27: =SUM($D26:I26) -> 0 | J27: =SUM($D26:J26) -> 0 | K27: =SUM($D26:K26) -> 0 | ... W27: =SUM($D26:W26) -> 100
