Workbook

Sheet Datos
B1: ITEM | C1: Nombre de tarea | D1: Duración (hábil L-V) | E1: Días Corridos | F1: Comienzo | G1: Fin
B2: 1.2.4.1.7 | C2: C / F1 / OC / FUNDACIONES ESTANQUE & LOSA FUNDACIÓN | D2: 34 días | E2: 50 días | F2: 46335 | G2: 46384
B3: 1.2.4.1.7.1 | C3: C / F1 / OC / FE / CICLO 01 | D3: 9 días | E3: 11 días | F3: 46335 | G3: 46345
B4: 1.2.4.1.7.1.3 | C4: [M3] C / F1 / OC / FE / C1 / Hormigón | D4: 2 días | E4: 2 días | F4: 46344 | G4: 46345
B5: 1.2.4.1.7.2 | C5: C / F1 / OC / FE / CICLO 02 | D5: 11 días | E5: 16 días | F5: 46359 | G5: 46374
B6: 1.2.4.1.7.2.3 | C6: [M3] C / F1 / OC / FE / C2 / Hormigón | D6: 4 días | E6: 4 días | F6: 46371 | G6: 46374
B7: 1.2.4.1.7.3 | C7: C / F1 / OC / FE / CICLO 03 | D7: 11 días | E7: 18 días | F7: 46367 | G7: 46384
B8: 1.2.4.1.7.3.3 | C8: [M3] C / F1 / OC / FE / C3 / Hormigón | D8: 4 días | E8: 7 días | F8: 46378 | G8: 46384
B9: 1.2.4.1.8 | C9: C / F1 / OC / ELEV. MUROS Y PILARES ESTANQUE | D9: 34 días | E9: 53 días | F9: 46346 | G9: 46398
B10: 1.2.4.1.8.1 | C10: C / F1 / OC / Elev / CICLO 01 | D10: 27 días | E10: 41 días | F10: 46346 | G10: 46386
B11: 1.2.4.1.8.1.3 | C11: [M3] C / F1 / OC / Elev / C1 / Hormigón | D11: 2 días | E11: 2 días | F11: 46385 | G11: 46386
B12: 1.2.4.1.8.2 | C12: C / F1 / OC / Elev / CICLO 02 | D12: 10 días | E12: 16 días | F12: 46377 | G12: 46392
B13: 1.2.4.1.8.2.3 | C13: [M3] C / F1 / OC / Elev / C2 / Hormigón | D13: 2 días | E13: 2 días | F13: 46391 | G13: 46392
... B92: 1.2.6.1.11.10 | C92: [M3] C / F3 / OC / RP / AREA COMUN PASILLO Z3 | D92: 5 días | E92: 7 días | F92: 46479 | G92: 46485

Sheet Avance Diario
G1: S04 | H1: S04 | I1: S04 | J1: S04 | K1: S04 | L1: S04 | M1: S04 | N1: S05 | O1: S05 | P1: S05 | Q1: S05 | R1: S05 | S1: S05 | T1: S05 | U1: S06 | V1: S06 | W1: S06 | X1: S06 | Y1: S06 | Z1: S06 | AA1: S06 | AB1: S07 | AC1: S07 | AD1: S07 | AE1: S07 | AF1: S07 | AG1: S07 | AH1: S07 | AI1: S08 | AJ1: S08 | AK1: S08 | AL1: S08 | AM1: S08 | AN1: S08 | AO1: S08 | AP1: S09 | AQ1: S09 | AR1: S09 | AS1: S09 | AT1: S09 | AU1: S09 | AV1: S09 | AW1: S10 | AX1: S10 | AY1: S10 | AZ1: S10 | BA1: S10 | BB1: S10 | BC1: S10 | BD1: S11 | BE1: S11 | BF1: S11 | BG1: S11 | BH1: S11 | BI1: S11 | BJ1: S11 | BK1: S12 | BL1: S12 | BM1: S12 | BN1: S12 | BO1: S12 | BP1: S12 | BQ1: S12 | BR1: S13 | BS1: S13 | BT1: S13 | BU1: S13 | BV1: S13 | BW1: S13 | BX1: S13 | BY1: S14 | BZ1: S14 | CA1: S14 | CB1: S14 | CC1: S14 | CD1: S14 | CE1: S14 | CF1: S15 | CG1: S15 | CH1: S15 | CI1: S15 | CJ1: S15 | CK1: S15 | CL1: S15 | CM1: S16 | CN1: S16 | CO1: S16 | CP1: S16 | CQ1: S16 | CR1: S16 | CS1: S16 | CT1: S17 | CU1: S17 | CV1: S17 | CW1: S17 | CX1: S17 | CY1: S17 | CZ1: S17 | DA1: S18 | DB1: S18 | DC1: S18 | DD1: S18 | DE1: S18 | DF1: S18 | DG1: S18 | DH1: S19 | DI1: S19 | DJ1: S19 | DK1: S19 | DL1: S19 | DM1: S19 | DN1: S19 | DO1: S20 | DP1: S20 | DQ1: S20 | DR1: S20 | DS1: S20 | DT1: S20 | DU1: S20 | DV1: S21 | DW1: S21 | DX1: S21 | DY1: S21 | DZ1: S21 | EA1: S21 | EB1: S21 | EC1: S22 | ED1: S22 | EE1: S22 | EF1: S22 | EG1: S22 | EH1: S22 | EI1: S22 | EJ1: S23 | EK1: S23 | EL1: S23 | EM1: S23 | EN1: S23 | EO1: S23 | EP1: S23 | EQ1: S24 | ER1: S24 | ES1: S24 | ET1: S24 | EU1: S24 | EV1: S24 | EW1: S24 | EX1: S25 | EY1: S25 | EZ1: S25 | FA1: S25 | FB1: S25 | FC1: S25 | FD1: S25 | FE1: S26 | FF1: S26 | FG1: S26 | FH1: S26 | FI1: S26 | FJ1: S26 | FK1: S26 | FL1: S27 | FM1: S27 | FN1: S27 | FO1: S27 | FP1: S27 | FQ1: S27 | FR1: S27 | FS1: S28 | FT1: S28 | FU1: S28 | FV1: S28 | FW1: S28 | FX1: S28 | FY1: S28 | FZ1: S29 | GA1: S29 | GB1: S29 | GC1: S29 | GD1: S29 | GE1: S29 | GF1: S29 | GG1: S30 | GH1: S30 | GI1: S30 | GJ1: S30 | GK1: S30 | GL1: S30 | GM1: S30 | GN1: S31 | GO1: S31 | GP1: S31 | GQ1: S31 | GR1: S31 | GS1: S31 | GT1: S31 | GU1: S32 | GV1: S32 | GW1: S32 | GX1: S32 | GY1: S32 | GZ1: S32 | HA1: S32 | HB1: S33 | HC1: S33 | HD1: S33 | HE1: S33
G2: 46279 | H2: 46280 | I2: 46281 | J2: 46282 | K2: 46283 | L2: 46284 | M2: 46285 | N2: 46286 | O2: 46287 | P2: 46288 | Q2: 46289 | R2: 46290 | S2: 46291 | T2: 46292 | U2: 46293 | V2: 46294 | W2: 46295 | X2: 46296 | Y2: 46297 | Z2: 46298 | AA2: 46299 | AB2: 46300 | AC2: 46301 | AD2: 46302 | AE2: 46303 | AF2: 46304 | AG2: 46305 | AH2: 46306 | AI2: 46307 | AJ2: 46308 | AK2: 46309 | AL2: 46310 | AM2: 46311 | AN2: 46312 | AO2: 46313 | AP2: 46314 | AQ2: 46315 | AR2: 46316 | AS2: 46317 | AT2: 46318 | AU2: 46319 | AV2: 46320 | AW2: 46321 | AX2: 46322 | AY2: 46323 | AZ2: 46324 | BA2: 46325 | BB2: 46326 | BC2: 46327 | BD2: 46328 | BE2: 46329 | BF2: 46330 | BG2: 46331 | BH2: 46332 | BI2: 46333 | BJ2: 46334 | BK2: 46335 | BL2: 46336 | BM2: 46337 | BN2: 46338 | BO2: 46339 | BP2: 46340 | BQ2: 46341 | BR2: 46342 | BS2: 46343 | BT2: 46344 | BU2: 46345 | BV2: 46346 | BW2: 46347 | BX2: 46348 | BY2: 46349 | BZ2: 46350 | CA2: 46351 | CB2: 46352 | CC2: 46353 | CD2: 46354 | CE2: 46355 | CF2: 46356 | CG2: 46357 | CH2: 46358 | CI2: 46359 | CJ2: 46360 | CK2: 46361 | CL2: 46362 | CM2: 46363 | CN2: 46364 | CO2: 46365 | CP2: 46366 | CQ2: 46367 | CR2: 46368 | CS2: 46369 | CT2: 46370 | CU2: 46371 | CV2: 46372 | CW2: 46373 | CX2: 46374 | CY2: 46375 | CZ2: 46376 | DA2: 46377 | DB2: 46378 | DC2: 46379 | DD2: 46380 | DE2: 46381 | DF2: 46382 | DG2: 46383 | DH2: 46384 | DI2: 46385 | DJ2: 46386 | DK2: 46387 | DL2: 46388 | DM2: 46389 | DN2: 46390 | DO2: 46391 | DP2: 46392 | DQ2: 46393 | DR2: 46394 | DS2: 46395 | DT2: 46396 | DU2: 46397 | DV2: 46398 | DW2: 46399 | DX2: 46400 | DY2: 46401 | DZ2: 46402 | EA2: 46403 | EB2: 46404 | EC2: 46405 | ED2: 46406 | EE2: 46407 | EF2: 46408 | EG2: 46409 | EH2: 46410 | EI2: 46411 | EJ2: 46412 | EK2: 46413 | EL2: 46414 | EM2: 46415 | EN2: 46416 | EO2: 46417 | EP2: 46418 | EQ2: 46419 | ER2: 46420 | ES2: 46421 | ET2: 46422 | EU2: 46423 | EV2: 46424 | EW2: 46425 | EX2: 46426 | EY2: 46427 | EZ2: 46428 | FA2: 46429 | FB2: 46430 | FC2: 46431 | FD2: 46432 | FE2: 46433 | FF2: 46434 | FG2: 46435 | FH2: 46436 | FI2: 46437 | FJ2: 46438 | FK2: 46439 | FL2: 46440 | FM2: 46441 | FN2: 46442 | FO2: 46443 | FP2: 46444 | FQ2: 46445 | FR2: 46446 | FS2: 46447 | FT2: 46448 | FU2: 46449 | FV2: 46450 | FW2: 46451 | FX2: 46452 | FY2: 46453 | FZ2: 46454 | GA2: 46455 | GB2: 46456 | GC2: 46457 | GD2: 46458 | GE2: 46459 | GF2: 46460 | GG2: 46461 | GH2: 46462 | GI2: 46463 | GJ2: 46464 | GK2: 46465 | GL2: 46466 | GM2: 46467 | GN2: 46468 | GO2: 46469 | GP2: 46470 | GQ2: 46471 | GR2: 46472 | GS2: 46473 | GT2: 46474 | GU2: 46475 | GV2: 46476 | GW2: 46477 | GX2: 46478 | GY2: 46479 | GZ2: 46480 | HA2: 46481 | HB2: 46482 | HC2: 46483 | HD2: 46484 | HE2: 46485
A3: 1.2.4.1.7 | B3: C / F1 / OC / FUNDACIONES ESTANQUE & LOSA FUNDACIÓN | C3: =Datos!F2 -> 46335 | D3: =Datos!G2 -> 46384 | E3: =NETWORKDAYS(C3,D3) -> 36 | F3: Avance parcial % | G3: =IF(AND(G$2>=$C3,G$2<=$D3,WEEKDAY(G$2,2)<=5),100/$E3,0) -> 0 | H3: =IF(AND(H$2>=$C3,H$2<=$D3,WEEKDAY(H$2,2)<=5),100/$E3,0) -> 0 | I3: =IF(AND(I$2>=$C3,I$2<=$D3,WEEKDAY(I$2,2)<=5),100/$E3,0) -> 0 | J3: =IF(AND(J$2>=$C3,J$2<=$D3,WEEKDAY(J$2,2)<=5),100/$E3,0) -> 0 | K3: =IF(AND(K$2>=$C3,K$2<=$D3,WEEKDAY(K$2,2)<=5),100/$E3,0) -> 0 | L3: =IF(AND(L$2>=$C3,L$2<=$D3,WEEKDAY(L$2,2)<=5),100/$E3,0) -> 0 | M3: =IF(AND(M$2>=$C3,M$2<=$D3,WEEKDAY(M$2,2)<=5),100/$E3,0) -> 0 | N3: =IF(AND(N$2>=$C3,N$2<=$D3,WEEKDAY(N$2,2)<=5),100/$E3,0) -> 0 | ... HE3: =IF(AND(HE$2>=$C3,HE$2<=$D3,WEEKDAY(HE$2,2)<=5),100/$E3,0) -> 0
F4: Avance acumulado % | G4: =SUM($G3:G3) -> 0 | H4: =SUM($G3:H3) -> 0 | I4: =SUM($G3:I3) -> 0 | J4: =SUM($G3:J3) -> 0 | K4: =SUM($G3:K3) -> 0 | L4: =SUM($G3:L3) -> 0 | M4: =SUM($G3:M3) -> 0 | N4: =SUM($G3:N3) -> 0 | ... HE4: =SUM($G3:HE3) -> 100
A5: 1.2.4.1.7.1 | B5: C / F1 / OC / FE / CICLO 01 | C5: =Datos!F3 -> 46335 | D5: =Datos!G3 -> 46345 | E5: =NETWORKDAYS(C5,D5) -> 9 | F5: Avance parcial % | G5: =IF(AND(G$2>=$C5,G$2<=$D5,WEEKDAY(G$2,2)<=5),100/$E5,0) -> 0 | H5: =IF(AND(H$2>=$C5,H$2<=$D5,WEEKDAY(H$2,2)<=5),100/$E5,0) -> 0 | I5: =IF(AND(I$2>=$C5,I$2<=$D5,WEEKDAY(I$2,2)<=5),100/$E5,0) -> 0 | J5: =IF(AND(J$2>=$C5,J$2<=$D5,WEEKDAY(J$2,2)<=5),100/$E5,0) -> 0 | K5: =IF(AND(K$2>=$C5,K$2<=$D5,WEEKDAY(K$2,2)<=5),100/$E5,0) -> 0 | L5: =IF(AND(L$2>=$C5,L$2<=$D5,WEEKDAY(L$2,2)<=5),100/$E5,0) -> 0 | M5: =IF(AND(M$2>=$C5,M$2<=$D5,WEEKDAY(M$2,2)<=5),100/$E5,0) -> 0 | N5: =IF(AND(N$2>=$C5,N$2<=$D5,WEEKDAY(N$2,2)<=5),100/$E5,0) -> 0 | ... HE5: =IF(AND(HE$2>=$C5,HE$2<=$D5,WEEKDAY(HE$2,2)<=5),100/$E5,0) -> 0
F6: Avance acumulado % | G6: =SUM($G5:G5) -> 0 | H6: =SUM($G5:H5) -> 0 | I6: =SUM($G5:I5) -> 0 | J6: =SUM($G5:J5) -> 0 | K6: =SUM($G5:K5) -> 0 | L6: =SUM($G5:L5) -> 0 | M6: =SUM($G5:M5) -> 0 | N6: =SUM($G5:N5) -> 0 | ... HE6: =SUM($G5:HE5) -> 100
A7: 1.2.4.1.7.1.3 | B7: [M3] C / F1 / OC / FE / C1 / Hormigón | C7: =Datos!F4 -> 46344 | D7: =Datos!G4 -> 46345 | E7: =NETWORKDAYS(C7,D7) -> 2 | F7: Avance parcial % | G7: =IF(AND(G$2>=$C7,G$2<=$D7,WEEKDAY(G$2,2)<=5),100/$E7,0) -> 0 | H7: =IF(AND(H$2>=$C7,H$2<=$D7,WEEKDAY(H$2,2)<=5),100/$E7,0) -> 0 | I7: =IF(AND(I$2>=$C7,I$2<=$D7,WEEKDAY(I$2,2)<=5),100/$E7,0) -> 0 | J7: =IF(AND(J$2>=$C7,J$2<=$D7,WEEKDAY(J$2,2)<=5),100/$E7,0) -> 0 | K7: =IF(AND(K$2>=$C7,K$2<=$D7,WEEKDAY(K$2,2)<=5),100/$E7,0) -> 0 | L7: =IF(AND(L$2>=$C7,L$2<=$D7,WEEKDAY(L$2,2)<=5),100/$E7,0) -> 0 | M7: =IF(AND(M$2>=$C7,M$2<=$D7,WEEKDAY(M$2,2)<=5),100/$E7,0) -> 0 | N7: =IF(AND(N$2>=$C7,N$2<=$D7,WEEKDAY(N$2,2)<=5),100/$E7,0) -> 0 | ... HE7: =IF(AND(HE$2>=$C7,HE$2<=$D7,WEEKDAY(HE$2,2)<=5),100/$E7,0) -> 0
F8: Avance acumulado % | G8: =SUM($G7:G7) -> 0 | H8: =SUM($G7:H7) -> 0 | I8: =SUM($G7:I7) -> 0 | J8: =SUM($G7:J7) -> 0 | K8: =SUM($G7:K7) -> 0 | L8: =SUM($G7:L7) -> 0 | M8: =SUM($G7:M7) -> 0 | N8: =SUM($G7:N7) -> 0 | ... HE8: =SUM($G7:HE7) -> 100
A9: 1.2.4.1.7.2 | B9: C / F1 / OC / FE / CICLO 02 | C9: =Datos!F5 -> 46359 | D9: =Datos!G5 -> 46374 | E9: =NETWORKDAYS(C9,D9) -> 12 | F9: Avance parcial % | G9: =IF(AND(G$2>=$C9,G$2<=$D9,WEEKDAY(G$2,2)<=5),100/$E9,0) -> 0 | H9: =IF(AND(H$2>=$C9,H$2<=$D9,WEEKDAY(H$2,2)<=5),100/$E9,0) -> 0 | I9: =IF(AND(I$2>=$C9,I$2<=$D9,WEEKDAY(I$2,2)<=5),100/$E9,0) -> 0 | J9: =IF(AND(J$2>=$C9,J$2<=$D9,WEEKDAY(J$2,2)<=5),100/$E9,0) -> 0 | K9: =IF(AND(K$2>=$C9,K$2<=$D9,WEEKDAY(K$2,2)<=5),100/$E9,0) -> 0 | L9: =IF(AND(L$2>=$C9,L$2<=$D9,WEEKDAY(L$2,2)<=5),100/$E9,0) -> 0 | M9: =IF(AND(M$2>=$C9,M$2<=$D9,WEEKDAY(M$2,2)<=5),100/$E9,0) -> 0 | N9: =IF(AND(N$2>=$C9,N$2<=$D9,WEEKDAY(N$2,2)<=5),100/$E9,0) -> 0 | ... HE9: =IF(AND(HE$2>=$C9,HE$2<=$D9,WEEKDAY(HE$2,2)<=5),100/$E9,0) -> 0
F10: Avance acumulado % | G10: =SUM($G9:G9) -> 0 | H10: =SUM($G9:H9) -> 0 | I10: =SUM($G9:I9) -> 0 | J10: =SUM($G9:J9) -> 0 | K10: =SUM($G9:K9) -> 0 | L10: =SUM($G9:L9) -> 0 | M10: =SUM($G9:M9) -> 0 | N10: =SUM($G9:N9) -> 0 | ... HE10: =SUM($G9:HE9) -> 100
A11: 1.2.4.1.7.2.3 | B11: [M3] C / F1 / OC / FE / C2 / Hormigón | C11: =Datos!F6 -> 46371 | D11: =Datos!G6 -> 46374 | E11: =NETWORKDAYS(C11,D11) -> 4 | F11: Avance parcial % | G11: =IF(AND(G$2>=$C11,G$2<=$D11,WEEKDAY(G$2,2)<=5),100/$E11,0) -> 0 | H11: =IF(AND(H$2>=$C11,H$2<=$D11,WEEKDAY(H$2,2)<=5),100/$E11,0) -> 0 | I11: =IF(AND(I$2>=$C11,I$2<=$D11,WEEKDAY(I$2,2)<=5),100/$E11,0) -> 0 | J11: =IF(AND(J$2>=$C11,J$2<=$D11,WEEKDAY(J$2,2)<=5),100/$E11,0) -> 0 | K11: =IF(AND(K$2>=$C11,K$2<=$D11,WEEKDAY(K$2,2)<=5),100/$E11,0) -> 0 | L11: =IF(AND(L$2>=$C11,L$2<=$D11,WEEKDAY(L$2,2)<=5),100/$E11,0) -> 0 | M11: =IF(AND(M$2>=$C11,M$2<=$D11,WEEKDAY(M$2,2)<=5),100/$E11,0) -> 0 | N11: =IF(AND(N$2>=$C11,N$2<=$D11,WEEKDAY(N$2,2)<=5),100/$E11,0) -> 0 | ... HE11: =IF(AND(HE$2>=$C11,HE$2<=$D11,WEEKDAY(HE$2,2)<=5),100/$E11,0) -> 0
F12: Avance acumulado % | G12: =SUM($G11:G11) -> 0 | H12: =SUM($G11:H11) -> 0 | I12: =SUM($G11:I11) -> 0 | J12: =SUM($G11:J11) -> 0 | K12: =SUM($G11:K11) -> 0 | L12: =SUM($G11:L11) -> 0 | M12: =SUM($G11:M11) -> 0 | N12: =SUM($G11:N11) -> 0 | ... HE12: =SUM($G11:HE11) -> 100
A13: 1.2.4.1.7.3 | B13: C / F1 / OC / FE / CICLO 03 | C13: =Datos!F7 -> 46367 | D13: =Datos!G7 -> 46384 | E13: =NETWORKDAYS(C13,D13) -> 12 | F13: Avance parcial % | G13: =IF(AND(G$2>=$C13,G$2<=$D13,WEEKDAY(G$2,2)<=5),100/$E13,0) -> 0 | H13: =IF(AND(H$2>=$C13,H$2<=$D13,WEEKDAY(H$2,2)<=5),100/$E13,0) -> 0 | I13: =IF(AND(I$2>=$C13,I$2<=$D13,WEEKDAY(I$2,2)<=5),100/$E13,0) -> 0 | J13: =IF(AND(J$2>=$C13,J$2<=$D13,WEEKDAY(J$2,2)<=5),100/$E13,0) -> 0 | K13: =IF(AND(K$2>=$C13,K$2<=$D13,WEEKDAY(K$2,2)<=5),100/$E13,0) -> 0 | L13: =IF(AND(L$2>=$C13,L$2<=$D13,WEEKDAY(L$2,2)<=5),100/$E13,0) -> 0 | M13: =IF(AND(M$2>=$C13,M$2<=$D13,WEEKDAY(M$2,2)<=5),100/$E13,0) -> 0 | N13: =IF(AND(N$2>=$C13,N$2<=$D13,WEEKDAY(N$2,2)<=5),100/$E13,0) -> 0 | ... HE13: =IF(AND(HE$2>=$C13,HE$2<=$D13,WEEKDAY(HE$2,2)<=5),100/$E13,0) -> 0
F14: Avance acumulado % | G14: =SUM($G13:G13) -> 0 | H14: =SUM($G13:H13) -> 0 | I14: =SUM($G13:I13) -> 0 | J14: =SUM($G13:J13) -> 0 | K14: =SUM($G13:K13) -> 0 | L14: =SUM($G13:L13) -> 0 | M14: =SUM($G13:M13) -> 0 | N14: =SUM($G13:N13) -> 0 | ... HE14: =SUM($G13:HE13) -> 100
A15: 1.2.4.1.7.3.3 | B15: [M3] C / F1 / OC / FE / C3 / Hormigón | C15: =Datos!F8 -> 46378 | D15: =Datos!G8 -> 46384 | E15: =NETWORKDAYS(C15,D15) -> 5 | F15: Avance parcial % | G15: =IF(AND(G$2>=$C15,G$2<=$D15,WEEKDAY(G$2,2)<=5),100/$E15,0) -> 0 | H15: =IF(AND(H$2>=$C15,H$2<=$D15,WEEKDAY(H$2,2)<=5),100/$E15,0) -> 0 | I15: =IF(AND(I$2>=$C15,I$2<=$D15,WEEKDAY(I$2,2)<=5),100/$E15,0) -> 0 | J15: =IF(AND(J$2>=$C15,J$2<=$D15,WEEKDAY(J$2,2)<=5),100/$E15,0) -> 0 | K15: =IF(AND(K$2>=$C15,K$2<=$D15,WEEKDAY(K$2,2)<=5),100/$E15,0) -> 0 | L15: =IF(AND(L$2>=$C15,L$2<=$D15,WEEKDAY(L$2,2)<=5),100/$E15,0) -> 0 | M15: =IF(AND(M$2>=$C15,M$2<=$D15,WEEKDAY(M$2,2)<=5),100/$E15,0) -> 0 | N15: =IF(AND(N$2>=$C15,N$2<=$D15,WEEKDAY(N$2,2)<=5),100/$E15,0) -> 0 | ... HE15: =IF(AND(HE$2>=$C15,HE$2<=$D15,WEEKDAY(HE$2,2)<=5),100/$E15,0) -> 0
F16: Avance acumulado % | G16: =SUM($G15:G15) -> 0 | H16: =SUM($G15:H15) -> 0 | I16: =SUM($G15:I15) -> 0 | J16: =SUM($G15:J15) -> 0 | K16: =SUM($G15:K15) -> 0 | L16: =SUM($G15:L15) -> 0 | M16: =SUM($G15:M15) -> 0 | N16: =SUM($G15:N15) -> 0 | ... HE16: =SUM($G15:HE15) -> 100
A17: 1.2.4.1.8 | B17: C / F1 / OC / ELEV. MUROS Y PILARES ESTANQUE | C17: =Datos!F9 -> 46346 | D17: =Datos!G9 -> 46398 | E17: =NETWORKDAYS(C17,D17) -> 37 | F17: Avance parcial % | G17: =IF(AND(G$2>=$C17,G$2<=$D17,WEEKDAY(G$2,2)<=5),100/$E17,0) -> 0 | H17: =IF(AND(H$2>=$C17,H$2<=$D17,WEEKDAY(H$2,2)<=5),100/$E17,0) -> 0 | I17: =IF(AND(I$2>=$C17,I$2<=$D17,WEEKDAY(I$2,2)<=5),100/$E17,0) -> 0 | J17: =IF(AND(J$2>=$C17,J$2<=$D17,WEEKDAY(J$2,2)<=5),100/$E17,0) -> 0 | K17: =IF(AND(K$2>=$C17,K$2<=$D17,WEEKDAY(K$2,2)<=5),100/$E17,0) -> 0 | L17: =IF(AND(L$2>=$C17,L$2<=$D17,WEEKDAY(L$2,2)<=5),100/$E17,0) -> 0 | M17: =IF(AND(M$2>=$C17,M$2<=$D17,WEEKDAY(M$2,2)<=5),100/$E17,0) -> 0 | N17: =IF(AND(N$2>=$C17,N$2<=$D17,WEEKDAY(N$2,2)<=5),100/$E17,0) -> 0 | ... HE17: =IF(AND(HE$2>=$C17,HE$2<=$D17,WEEKDAY(HE$2,2)<=5),100/$E17,0) -> 0
F18: Avance acumulado % | G18: =SUM($G17:G17) -> 0 | H18: =SUM($G17:H17) -> 0 | I18: =SUM($G17:I17) -> 0 | J18: =SUM($G17:J17) -> 0 | K18: =SUM($G17:K17) -> 0 | L18: =SUM($G17:L17) -> 0 | M18: =SUM($G17:M17) -> 0 | N18: =SUM($G17:N17) -> 0 | ... HE18: =SUM($G17:HE17) -> 100
A19: 1.2.4.1.8.1 | B19: C / F1 / OC / Elev / CICLO 01 | C19: =Datos!F10 -> 46346 | D19: =Datos!G10 -> 46386 | E19: =NETWORKDAYS(C19,D19) -> 29 | F19: Avance parcial % | G19: =IF(AND(G$2>=$C19,G$2<=$D19,WEEKDAY(G$2,2)<=5),100/$E19,0) -> 0 | H19: =IF(AND(H$2>=$C19,H$2<=$D19,WEEKDAY(H$2,2)<=5),100/$E19,0) -> 0 | I19: =IF(AND(I$2>=$C19,I$2<=$D19,WEEKDAY(I$2,2)<=5),100/$E19,0) -> 0 | J19: =IF(AND(J$2>=$C19,J$2<=$D19,WEEKDAY(J$2,2)<=5),100/$E19,0) -> 0 | K19: =IF(AND(K$2>=$C19,K$2<=$D19,WEEKDAY(K$2,2)<=5),100/$E19,0) -> 0 | L19: =IF(AND(L$2>=$C19,L$2<=$D19,WEEKDAY(L$2,2)<=5),100/$E19,0) -> 0 | M19: =IF(AND(M$2>=$C19,M$2<=$D19,WEEKDAY(M$2,2)<=5),100/$E19,0) -> 0 | N19: =IF(AND(N$2>=$C19,N$2<=$D19,WEEKDAY(N$2,2)<=5),100/$E19,0) -> 0 | ... HE19: =IF(AND(HE$2>=$C19,HE$2<=$D19,WEEKDAY(HE$2,2)<=5),100/$E19,0) -> 0
F20: Avance acumulado % | G20: =SUM($G19:G19) -> 0 | H20: =SUM($G19:H19) -> 0 | I20: =SUM($G19:I19) -> 0 | J20: =SUM($G19:J19) -> 0 | K20: =SUM($G19:K19) -> 0 | L20: =SUM($G19:L19) -> 0 | M20: =SUM($G19:M19) -> 0 | N20: =SUM($G19:N19) -> 0 | ... HE20: =SUM($G19:HE19) -> 100
A21: 1.2.4.1.8.1.3 | B21: [M3] C / F1 / OC / Elev / C1 / Hormigón | C21: =Datos!F11 -> 46385 | D21: =Datos!G11 -> 46386 | E21: =NETWORKDAYS(C21,D21) -> 2 | F21: Avance parcial % | G21: =IF(AND(G$2>=$C21,G$2<=$D21,WEEKDAY(G$2,2)<=5),100/$E21,0) -> 0 | H21: =IF(AND(H$2>=$C21,H$2<=$D21,WEEKDAY(H$2,2)<=5),100/$E21,0) -> 0 | I21: =IF(AND(I$2>=$C21,I$2<=$D21,WEEKDAY(I$2,2)<=5),100/$E21,0) -> 0 | J21: =IF(AND(J$2>=$C21,J$2<=$D21,WEEKDAY(J$2,2)<=5),100/$E21,0) -> 0 | K21: =IF(AND(K$2>=$C21,K$2<=$D21,WEEKDAY(K$2,2)<=5),100/$E21,0) -> 0 | L21: =IF(AND(L$2>=$C21,L$2<=$D21,WEEKDAY(L$2,2)<=5),100/$E21,0) -> 0 | M21: =IF(AND(M$2>=$C21,M$2<=$D21,WEEKDAY(M$2,2)<=5),100/$E21,0) -> 0 | N21: =IF(AND(N$2>=$C21,N$2<=$D21,WEEKDAY(N$2,2)<=5),100/$E21,0) -> 0 | ... HE21: =IF(AND(HE$2>=$C21,HE$2<=$D21,WEEKDAY(HE$2,2)<=5),100/$E21,0) -> 0
F22: Avance acumulado % | G22: =SUM($G21:G21) -> 0 | H22: =SUM($G21:H21) -> 0 | I22: =SUM($G21:I21) -> 0 | J22: =SUM($G21:J21) -> 0 | K22: =SUM($G21:K21) -> 0 | L22: =SUM($G21:L21) -> 0 | M22: =SUM($G21:M21) -> 0 | N22: =SUM($G21:N21) -> 0 | ... HE22: =SUM($G21:HE21) -> 100
A23: 1.2.4.1.8.2 | B23: C / F1 / OC / Elev / CICLO 02 | C23: =Datos!F12 -> 46377 | D23: =Datos!G12 -> 46392 | E23: =NETWORKDAYS(C23,D23) -> 12 | F23: Avance parcial % | G23: =IF(AND(G$2>=$C23,G$2<=$D23,WEEKDAY(G$2,2)<=5),100/$E23,0) -> 0 | H23: =IF(AND(H$2>=$C23,H$2<=$D23,WEEKDAY(H$2,2)<=5),100/$E23,0) -> 0 | I23: =IF(AND(I$2>=$C23,I$2<=$D23,WEEKDAY(I$2,2)<=5),100/$E23,0) -> 0 | J23: =IF(AND(J$2>=$C23,J$2<=$D23,WEEKDAY(J$2,2)<=5),100/$E23,0) -> 0 | K23: =IF(AND(K$2>=$C23,K$2<=$D23,WEEKDAY(K$2,2)<=5),100/$E23,0) -> 0 | L23: =IF(AND(L$2>=$C23,L$2<=$D23,WEEKDAY(L$2,2)<=5),100/$E23,0) -> 0 | M23: =IF(AND(M$2>=$C23,M$2<=$D23,WEEKDAY(M$2,2)<=5),100/$E23,0) -> 0 | N23: =IF(AND(N$2>=$C23,N$2<=$D23,WEEKDAY(N$2,2)<=5),100/$E23,0) -> 0 | ... HE23: =IF(AND(HE$2>=$C23,HE$2<=$D23,WEEKDAY(HE$2,2)<=5),100/$E23,0) -> 0
F24: Avance acumulado % | G24: =SUM($G23:G23) -> 0 | H24: =SUM($G23:H23) -> 0 | I24: =SUM($G23:I23) -> 0 | J24: =SUM($G23:J23) -> 0 | K24: =SUM($G23:K23) -> 0 | L24: =SUM($G23:L23) -> 0 | M24: =SUM($G23:M23) -> 0 | N24: =SUM($G23:N23) -> 0 | ... HE24: =SUM($G23:HE23) -> 100
A25: 1.2.4.1.8.2.3 | B25: [M3] C / F1 / OC / Elev / C2 / Hormigón | C25: =Datos!F13 -> 46391 | D25: =Datos!G13 -> 46392 | E25: =NETWORKDAYS(C25,D25) -> 2 | F25: Avance parcial % | G25: =IF(AND(G$2>=$C25,G$2<=$D25,WEEKDAY(G$2,2)<=5),100/$E25,0) -> 0 | H25: =IF(AND(H$2>=$C25,H$2<=$D25,WEEKDAY(H$2,2)<=5),100/$E25,0) -> 0 | I25: =IF(AND(I$2>=$C25,I$2<=$D25,WEEKDAY(I$2,2)<=5),100/$E25,0) -> 0 | J25: =IF(AND(J$2>=$C25,J$2<=$D25,WEEKDAY(J$2,2)<=5),100/$E25,0) -> 0 | K25: =IF(AND(K$2>=$C25,K$2<=$D25,WEEKDAY(K$2,2)<=5),100/$E25,0) -> 0 | L25: =IF(AND(L$2>=$C25,L$2<=$D25,WEEKDAY(L$2,2)<=5),100/$E25,0) -> 0 | M25: =IF(AND(M$2>=$C25,M$2<=$D25,WEEKDAY(M$2,2)<=5),100/$E25,0) -> 0 | N25: =IF(AND(N$2>=$C25,N$2<=$D25,WEEKDAY(N$2,2)<=5),100/$E25,0) -> 0 | ... HE25: =IF(AND(HE$2>=$C25,HE$2<=$D25,WEEKDAY(HE$2,2)<=5),100/$E25,0) -> 0
F26: Avance acumulado % | G26: =SUM($G25:G25) -> 0 | H26: =SUM($G25:H25) -> 0 | I26: =SUM($G25:I25) -> 0 | J26: =SUM($G25:J25) -> 0 | K26: =SUM($G25:K25) -> 0 | L26: =SUM($G25:L25) -> 0 | M26: =SUM($G25:M25) -> 0 | N26: =SUM($G25:N25) -> 0 | ... HE26: =SUM($G25:HE25) -> 100
A27: 1.2.4.1.8.3 | B27: C / F1 / OC / Elev / CICLO 03 | C27: =Datos!F14 -> 46385 | D27: =Datos!G14 -> 46398 | E27: =NETWORKDAYS(C27,D27) -> 10 | F27: Avance parcial % | G27: =IF(AND(G$2>=$C27,G$2<=$D27,WEEKDAY(G$2,2)<=5),100/$E27,0) -> 0 | H27: =IF(AND(H$2>=$C27,H$2<=$D27,WEEKDAY(H$2,2)<=5),100/$E27,0) -> 0 | I27: =IF(AND(I$2>=$C27,I$2<=$D27,WEEKDAY(I$2,2)<=5),100/$E27,0) -> 0 | J27: =IF(AND(J$2>=$C27,J$2<=$D27,WEEKDAY(J$2,2)<=5),100/$E27,0) -> 0 | K27: =IF(AND(K$2>=$C27,K$2<=$D27,WEEKDAY(K$2,2)<=5),100/$E27,0) -> 0 | L27: =IF(AND(L$2>=$C27,L$2<=$D27,WEEKDAY(L$2,2)<=5),100/$E27,0) -> 0 | M27: =IF(AND(M$2>=$C27,M$2<=$D27,WEEKDAY(M$2,2)<=5),100/$E27,0) -> 0 | N27: =IF(AND(N$2>=$C27,N$2<=$D27,WEEKDAY(N$2,2)<=5),100/$E27,0) -> 0 | ... HE27: =IF(AND(HE$2>=$C27,HE$2<=$D27,WEEKDAY(HE$2,2)<=5),100/$E27,0) -> 0
F28: Avance acumulado % | G28: =SUM($G27:G27) -> 0 | H28: =SUM($G27:H27) -> 0 | I28: =SUM($G27:I27) -> 0 | J28: =SUM($G27:J27) -> 0 | K28: =SUM($G27:K27) -> 0 | L28: =SUM($G27:L27) -> 0 | M28: =SUM($G27:M27) -> 0 | N28: =SUM($G27:N27) -> 0 | ... HE28: =SUM($G27:HE27) -> 100
A29: 1.2.4.1.8.3.3 | B29: [M3] C / F1 / OC / Elev / C3 / Hormigón | C29: =Datos!F15 -> 46395 | D29: =Datos!G15 -> 46398 | E29: =NETWORKDAYS(C29,D29) -> 2 | F29: Avance parcial % | G29: =IF(AND(G$2>=$C29,G$2<=$D29,WEEKDAY(G$2,2)<=5),100/$E29,0) -> 0 | H29: =IF(AND(H$2>=$C29,H$2<=$D29,WEEKDAY(H$2,2)<=5),100/$E29,0) -> 0 | I29: =IF(AND(I$2>=$C29,I$2<=$D29,WEEKDAY(I$2,2)<=5),100/$E29,0) -> 0 | J29: =IF(AND(J$2>=$C29,J$2<=$D29,WEEKDAY(J$2,2)<=5),100/$E29,0) -> 0 | K29: =IF(AND(K$2>=$C29,K$2<=$D29,WEEKDAY(K$2,2)<=5),100/$E29,0) -> 0 | L29: =IF(AND(L$2>=$C29,L$2<=$D29,WEEKDAY(L$2,2)<=5),100/$E29,0) -> 0 | M29: =IF(AND(M$2>=$C29,M$2<=$D29,WEEKDAY(M$2,2)<=5),100/$E29,0) -> 0 | N29: =IF(AND(N$2>=$C29,N$2<=$D29,WEEKDAY(N$2,2)<=5),100/$E29,0) -> 0 | ... HE29: =IF(AND(HE$2>=$C29,HE$2<=$D29,WEEKDAY(HE$2,2)<=5),100/$E29,0) -> 0
F30: Avance acumulado % | G30: =SUM($G29:G29) -> 0 | H30: =SUM($G29:H29) -> 0 | I30: =SUM($G29:I29) -> 0 | J30: =SUM($G29:J29) -> 0 | K30: =SUM($G29:K29) -> 0 | L30: =SUM($G29:L29) -> 0 | M30: =SUM($G29:M29) -> 0 | N30: =SUM($G29:N29) -> 0 | ... HE30: =SUM($G29:HE29) -> 100
A31: 1.2.4.1.9 | B31: C / F1 / OC / LOSA SUP. ESTANQUE | C31: =Datos!F16 -> 46393 | D31: =Datos!G16 -> 46422 | E31: =NETWORKDAYS(C31,D31) -> 22 | F31: Avance parcial % | G31: =IF(AND(G$2>=$C31,G$2<=$D31,WEEKDAY(G$2,2)<=5),100/$E31,0) -> 0 | H31: =IF(AND(H$2>=$C31,H$2<=$D31,WEEKDAY(H$2,2)<=5),100/$E31,0) -> 0 | I31: =IF(AND(I$2>=$C31,I$2<=$D31,WEEKDAY(I$2,2)<=5),100/$E31,0) -> 0 | J31: =IF(AND(J$2>=$C31,J$2<=$D31,WEEKDAY(J$2,2)<=5),100/$E31,0) -> 0 | K31: =IF(AND(K$2>=$C31,K$2<=$D31,WEEKDAY(K$2,2)<=5),100/$E31,0) -> 0 | L31: =IF(AND(L$2>=$C31,L$2<=$D31,WEEKDAY(L$2,2)<=5),100/$E31,0) -> 0 | M31: =IF(AND(M$2>=$C31,M$2<=$D31,WEEKDAY(M$2,2)<=5),100/$E31,0) -> 0 | N31: =IF(AND(N$2>=$C31,N$2<=$D31,WEEKDAY(N$2,2)<=5),100/$E31,0) -> 0 | ... HE31: =IF(AND(HE$2>=$C31,HE$2<=$D31,WEEKDAY(HE$2,2)<=5),100/$E31,0) -> 0
F32: Avance acumulado % | G32: =SUM($G31:G31) -> 0 | H32: =SUM($G31:H31) -> 0 | I32: =SUM($G31:I31) -> 0 | J32: =SUM($G31:J31) -> 0 | K32: =SUM($G31:K31) -> 0 | L32: =SUM($G31:L31) -> 0 | M32: =SUM($G31:M31) -> 0 | N32: =SUM($G31:N31) -> 0 | ... HE32: =SUM($G31:HE31) -> 100
A33: 1.2.4.1.9.1 | B33: C / F1 / OC / Losa / CICLO 01 | C33: =Datos!F17 -> 46393 | D33: =Datos!G17 -> 46406 | E33: =NETWORKDAYS(C33,D33) -> 10 | F33: Avance parcial % | G33: =IF(AND(G$2>=$C33,G$2<=$D33,WEEKDAY(G$2,2)<=5),100/$E33,0) -> 0 | H33: =IF(AND(H$2>=$C33,H$2<=$D33,WEEKDAY(H$2,2)<=5),100/$E33,0) -> 0 | I33: =IF(AND(I$2>=$C33,I$2<=$D33,WEEKDAY(I$2,2)<=5),100/$E33,0) -> 0 | J33: =IF(AND(J$2>=$C33,J$2<=$D33,WEEKDAY(J$2,2)<=5),100/$E33,0) -> 0 | K33: =IF(AND(K$2>=$C33,K$2<=$D33,WEEKDAY(K$2,2)<=5),100/$E33,0) -> 0 | L33: =IF(AND(L$2>=$C33,L$2<=$D33,WEEKDAY(L$2,2)<=5),100/$E33,0) -> 0 | M33: =IF(AND(M$2>=$C33,M$2<=$D33,WEEKDAY(M$2,2)<=5),100/$E33,0) -> 0 | N33: =IF(AND(N$2>=$C33,N$2<=$D33,WEEKDAY(N$2,2)<=5),100/$E33,0) -> 0 | ... HE33: =IF(AND(HE$2>=$C33,HE$2<=$D33,WEEKDAY(HE$2,2)<=5),100/$E33,0) -> 0
F34: Avance acumulado % | G34: =SUM($G33:G33) -> 0 | H34: =SUM($G33:H33) -> 0 | I34: =SUM($G33:I33) -> 0 | J34: =SUM($G33:J33) -> 0 | K34: =SUM($G33:K33) -> 0 | L34: =SUM($G33:L33) -> 0 | M34: =SUM($G33:M33) -> 0 | N34: =SUM($G33:N33) -> 0 | ... HE34: =SUM($G33:HE33) -> 100
A35: 1.2.4.1.9.1.3 | B35: [M3] C / F1 / OC / Losa / C1 / Hormigón | C35: =Datos!F18 -> 46406 | D35: =Datos!G18 -> 46406 | E35: =NETWORKDAYS(C35,D35) -> 1 | F35: Avance parcial % | G35: =IF(AND(G$2>=$C35,G$2<=$D35,WEEKDAY(G$2,2)<=5),100/$E35,0) -> 0 | H35: =IF(AND(H$2>=$C35,H$2<=$D35,WEEKDAY(H$2,2)<=5),100/$E35,0) -> 0 | I35: =IF(AND(I$2>=$C35,I$2<=$D35,WEEKDAY(I$2,2)<=5),100/$E35,0) -> 0 | J35: =IF(AND(J$2>=$C35,J$2<=$D35,WEEKDAY(J$2,2)<=5),100/$E35,0) -> 0 | K35: =IF(AND(K$2>=$C35,K$2<=$D35,WEEKDAY(K$2,2)<=5),100/$E35,0) -> 0 | L35: =IF(AND(L$2>=$C35,L$2<=$D35,WEEKDAY(L$2,2)<=5),100/$E35,0) -> 0 | M35: =IF(AND(M$2>=$C35,M$2<=$D35,WEEKDAY(M$2,2)<=5),100/$E35,0) -> 0 | N35: =IF(AND(N$2>=$C35,N$2<=$D35,WEEKDAY(N$2,2)<=5),100/$E35,0) -> 0 | ... HE35: =IF(AND(HE$2>=$C35,HE$2<=$D35,WEEKDAY(HE$2,2)<=5),100/$E35,0) -> 0
F36: Avance acumulado % | G36: =SUM($G35:G35) -> 0 | H36: =SUM($G35:H35) -> 0 | I36: =SUM($G35:I35) -> 0 | J36: =SUM($G35:J35) -> 0 | K36: =SUM($G35:K35) -> 0 | L36: =SUM($G35:L35) -> 0 | M36: =SUM($G35:M35) -> 0 | N36: =SUM($G35:N35) -> 0 | ... HE36: =SUM($G35:HE35) -> 100
A37: 1.2.4.1.9.2 | B37: C / F1 / OC / Losa / CICLO 02 | C37: =Datos!F19 -> 46400 | D37: =Datos!G19 -> 46415 | E37: =NETWORKDAYS(C37,D37) -> 12 | F37: Avance parcial % | G37: =IF(AND(G$2>=$C37,G$2<=$D37,WEEKDAY(G$2,2)<=5),100/$E37,0) -> 0 | H37: =IF(AND(H$2>=$C37,H$2<=$D37,WEEKDAY(H$2,2)<=5),100/$E37,0) -> 0 | I37: =IF(AND(I$2>=$C37,I$2<=$D37,WEEKDAY(I$2,2)<=5),100/$E37,0) -> 0 | J37: =IF(AND(J$2>=$C37,J$2<=$D37,WEEKDAY(J$2,2)<=5),100/$E37,0) -> 0 | K37: =IF(AND(K$2>=$C37,K$2<=$D37,WEEKDAY(K$2,2)<=5),100/$E37,0) -> 0 | L37: =IF(AND(L$2>=$C37,L$2<=$D37,WEEKDAY(L$2,2)<=5),100/$E37,0) -> 0 | M37: =IF(AND(M$2>=$C37,M$2<=$D37,WEEKDAY(M$2,2)<=5),100/$E37,0) -> 0 | N37: =IF(AND(N$2>=$C37,N$2<=$D37,WEEKDAY(N$2,2)<=5),100/$E37,0) -> 0 | ... HE37: =IF(AND(HE$2>=$C37,HE$2<=$D37,WEEKDAY(HE$2,2)<=5),100/$E37,0) -> 0
F38: Avance acumulado % | G38: =SUM($G37:G37) -> 0 | H38: =SUM($G37:H37) -> 0 | I38: =SUM($G37:I37) -> 0 | J38: =SUM($G37:J37) -> 0 | K38: =SUM($G37:K37) -> 0 | L38: =SUM($G37:L37) -> 0 | M38: =SUM($G37:M37) -> 0 | N38: =SUM($G37:N37) -> 0 | ... HE38: =SUM($G37:HE37) -> 100
A39: 1.2.4.1.9.2.3 | B39: [M3] C / F1 / OC / Losa / C2 / Hormigón | C39: =Datos!F20 -> 46413 | D39: =Datos!G20 -> 46415 | E39: =NETWORKDAYS(C39,D39) -> 3 | F39: Avance parcial % | G39: =IF(AND(G$2>=$C39,G$2<=$D39,WEEKDAY(G$2,2)<=5),100/$E39,0) -> 0 | H39: =IF(AND(H$2>=$C39,H$2<=$D39,WEEKDAY(H$2,2)<=5),100/$E39,0) -> 0 | I39: =IF(AND(I$2>=$C39,I$2<=$D39,WEEKDAY(I$2,2)<=5),100/$E39,0) -> 0 | J39: =IF(AND(J$2>=$C39,J$2<=$D39,WEEKDAY(J$2,2)<=5),100/$E39,0) -> 0 | K39: =IF(AND(K$2>=$C39,K$2<=$D39,WEEKDAY(K$2,2)<=5),100/$E39,0) -> 0 | L39: =IF(AND(L$2>=$C39,L$2<=$D39,WEEKDAY(L$2,2)<=5),100/$E39,0) -> 0 | M39: =IF(AND(M$2>=$C39,M$2<=$D39,WEEKDAY(M$2,2)<=5),100/$E39,0) -> 0 | N39: =IF(AND(N$2>=$C39,N$2<=$D39,WEEKDAY(N$2,2)<=5),100/$E39,0) -> 0 | ... HE39: =IF(AND(HE$2>=$C39,HE$2<=$D39,WEEKDAY(HE$2,2)<=5),100/$E39,0) -> 0
F40: Avance acumulado % | G40: =SUM($G39:G39) -> 0 | H40: =SUM($G39:H39) -> 0 | I40: =SUM($G39:I39) -> 0 | J40: =SUM($G39:J39) -> 0 | K40: =SUM($G39:K39) -> 0 | L40: =SUM($G39:L39) -> 0 | M40: =SUM($G39:M39) -> 0 | N40: =SUM($G39:N39) -> 0 | ... HE40: =SUM($G39:HE39) -> 100
A41: 1.2.4.1.9.3 | B41: C / F1 / OC / Losa / CICLO 03 | C41: =Datos!F21 -> 46407 | D41: =Datos!G21 -> 46422 | E41: =NETWORKDAYS(C41,D41) -> 12 | F41: Avance parcial % | G41: =IF(AND(G$2>=$C41,G$2<=$D41,WEEKDAY(G$2,2)<=5),100/$E41,0) -> 0 | H41: =IF(AND(H$2>=$C41,H$2<=$D41,WEEKDAY(H$2,2)<=5),100/$E41,0) -> 0 | I41: =IF(AND(I$2>=$C41,I$2<=$D41,WEEKDAY(I$2,2)<=5),100/$E41,0) -> 0 | J41: =IF(AND(J$2>=$C41,J$2<=$D41,WEEKDAY(J$2,2)<=5),100/$E41,0) -> 0 | K41: =IF(AND(K$2>=$C41,K$2<=$D41,WEEKDAY(K$2,2)<=5),100/$E41,0) -> 0 | L41: =IF(AND(L$2>=$C41,L$2<=$D41,WEEKDAY(L$2,2)<=5),100/$E41,0) -> 0 | M41: =IF(AND(M$2>=$C41,M$2<=$D41,WEEKDAY(M$2,2)<=5),100/$E41,0) -> 0 | N41: =IF(AND(N$2>=$C41,N$2<=$D41,WEEKDAY(N$2,2)<=5),100/$E41,0) -> 0 | ... HE41: =IF(AND(HE$2>=$C41,HE$2<=$D41,WEEKDAY(HE$2,2)<=5),100/$E41,0) -> 0
F42: Avance acumulado % | G42: =SUM($G41:G41) -> 0 | H42: =SUM($G41:H41) -> 0 | I42: =SUM($G41:I41) -> 0 | J42: =SUM($G41:J41) -> 0 | K42: =SUM($G41:K41) -> 0 | L42: =SUM($G41:L41) -> 0 | M42: =SUM($G41:M41) -> 0 | N42: =SUM($G41:N41) -> 0 | ... HE42: =SUM($G41:HE41) -> 100
A43: 1.2.4.1.9.3.3 | B43: [M3] C / F1 / OC / Losa / C3 / Hormigón | C43: =Datos!F22 -> 46420 | D43: =Datos!G22 -> 46422 | E43: =NETWORKDAYS(C43,D43) -> 3 | F43: Avance parcial % | G43: =IF(AND(G$2>=$C43,G$2<=$D43,WEEKDAY(G$2,2)<=5),100/$E43,0) -> 0 | H43: =IF(AND(H$2>=$C43,H$2<=$D43,WEEKDAY(H$2,2)<=5),100/$E43,0) -> 0 | I43: =IF(AND(I$2>=$C43,I$2<=$D43,WEEKDAY(I$2,2)<=5),100/$E43,0) -> 0 | J43: =IF(AND(J$2>=$C43,J$2<=$D43,WEEKDAY(J$2,2)<=5),100/$E43,0) -> 0 | K43: =IF(AND(K$2>=$C43,K$2<=$D43,WEEKDAY(K$2,2)<=5),100/$E43,0) -> 0 | L43: =IF(AND(L$2>=$C43,L$2<=$D43,WEEKDAY(L$2,2)<=5),100/$E43,0) -> 0 | M43: =IF(AND(M$2>=$C43,M$2<=$D43,WEEKDAY(M$2,2)<=5),100/$E43,0) -> 0 | N43: =IF(AND(N$2>=$C43,N$2<=$D43,WEEKDAY(N$2,2)<=5),100/$E43,0) -> 0 | ... HE43: =IF(AND(HE$2>=$C43,HE$2<=$D43,WEEKDAY(HE$2,2)<=5),100/$E43,0) -> 0
F44: Avance acumulado % | G44: =SUM($G43:G43) -> 0 | H44: =SUM($G43:H43) -> 0 | I44: =SUM($G43:I43) -> 0 | J44: =SUM($G43:J43) -> 0 | K44: =SUM($G43:K43) -> 0 | L44: =SUM($G43:L43) -> 0 | M44: =SUM($G43:M43) -> 0 | N44: =SUM($G43:N43) -> 0 | ... HE44: =SUM($G43:HE43) -> 100
A45: 1.2.4.1.10 | B45: C / F1 / OC / RAMPA ACCESO NORTE | C45: =Datos!F23 -> 46416 | D45: =Datos!G23 -> 46444 | E45: =NETWORKDAYS(C45,D45) -> 21 | F45: Avance parcial % | G45: =IF(AND(G$2>=$C45,G$2<=$D45,WEEKDAY(G$2,2)<=5),100/$E45,0) -> 0 | H45: =IF(AND(H$2>=$C45,H$2<=$D45,WEEKDAY(H$2,2)<=5),100/$E45,0) -> 0 | I45: =IF(AND(I$2>=$C45,I$2<=$D45,WEEKDAY(I$2,2)<=5),100/$E45,0) -> 0 | J45: =IF(AND(J$2>=$C45,J$2<=$D45,WEEKDAY(J$2,2)<=5),100/$E45,0) -> 0 | K45: =IF(AND(K$2>=$C45,K$2<=$D45,WEEKDAY(K$2,2)<=5),100/$E45,0) -> 0 | L45: =IF(AND(L$2>=$C45,L$2<=$D45,WEEKDAY(L$2,2)<=5),100/$E45,0) -> 0 | M45: =IF(AND(M$2>=$C45,M$2<=$D45,WEEKDAY(M$2,2)<=5),100/$E45,0) -> 0 | N45: =IF(AND(N$2>=$C45,N$2<=$D45,WEEKDAY(N$2,2)<=5),100/$E45,0) -> 0 | ... HE45: =IF(AND(HE$2>=$C45,HE$2<=$D45,WEEKDAY(HE$2,2)<=5),100/$E45,0) -> 0
F46: Avance acumulado % | G46: =SUM($G45:G45) -> 0 | H46: =SUM($G45:H45) -> 0 | I46: =SUM($G45:I45) -> 0 | J46: =SUM($G45:J45) -> 0 | K46: =SUM($G45:K45) -> 0 | L46: =SUM($G45:L45) -> 0 | M46: =SUM($G45:M45) -> 0 | N46: =SUM($G45:N45) -> 0 | ... HE46: =SUM($G45:HE45) -> 100
A47: 1.2.4.1.10.3 | B47: [M3] C / F1 / OC / RAN / Hormigón | C47: =Datos!F24 -> 46440 | D47: =Datos!G24 -> 46442 | E47: =NETWORKDAYS(C47,D47) -> 3 | F47: Avance parcial % | G47: =IF(AND(G$2>=$C47,G$2<=$D47,WEEKDAY(G$2,2)<=5),100/$E47,0) -> 0 | H47: =IF(AND(H$2>=$C47,H$2<=$D47,WEEKDAY(H$2,2)<=5),100/$E47,0) -> 0 | I47: =IF(AND(I$2>=$C47,I$2<=$D47,WEEKDAY(I$2,2)<=5),100/$E47,0) -> 0 | J47: =IF(AND(J$2>=$C47,J$2<=$D47,WEEKDAY(J$2,2)<=5),100/$E47,0) -> 0 | K47: =IF(AND(K$2>=$C47,K$2<=$D47,WEEKDAY(K$2,2)<=5),100/$E47,0) -> 0 | L47: =IF(AND(L$2>=$C47,L$2<=$D47,WEEKDAY(L$2,2)<=5),100/$E47,0) -> 0 | M47: =IF(AND(M$2>=$C47,M$2<=$D47,WEEKDAY(M$2,2)<=5),100/$E47,0) -> 0 | N47: =IF(AND(N$2>=$C47,N$2<=$D47,WEEKDAY(N$2,2)<=5),100/$E47,0) -> 0 | ... HE47: =IF(AND(HE$2>=$C47,HE$2<=$D47,WEEKDAY(HE$2,2)<=5),100/$E47,0) -> 0
F48: Avance acumulado % | G48: =SUM($G47:G47) -> 0 | H48: =SUM($G47:H47) -> 0 | I48: =SUM($G47:I47) -> 0 | J48: =SUM($G47:J47) -> 0 | K48: =SUM($G47:K47) -> 0 | L48: =SUM($G47:L47) -> 0 | M48: =SUM($G47:M47) -> 0 | N48: =SUM($G47:N47) -> 0 | ... HE48: =SUM($G47:HE47) -> 100
A49: 1.2.5.1.9 | B49: C / F2 / OC / FUNDACIONES | C49: =Datos!F25 -> 46279 | D49: =Datos!G25 -> 46371 | E49: =NETWORKDAYS(C49,D49) -> 67 | F49: Avance parcial % | G49: =IF(AND(G$2>=$C49,G$2<=$D49,WEEKDAY(G$2,2)<=5),100/$E49,0) -> 1.4925373 | H49: =IF(AND(H$2>=$C49,H$2<=$D49,WEEKDAY(H$2,2)<=5),100/$E49,0) -> 1.4925373 | I49: =IF(AND(I$2>=$C49,I$2<=$D49,WEEKDAY(I$2,2)<=5),100/$E49,0) -> 1.4925373 | J49: =IF(AND(J$2>=$C49,J$2<=$D49,WEEKDAY(J$2,2)<=5),100/$E49,0) -> 1.4925373 | K49: =IF(AND(K$2>=$C49,K$2<=$D49,WEEKDAY(K$2,2)<=5),100/$E49,0) -> 1.4925373 | L49: =IF(AND(L$2>=$C49,L$2<=$D49,WEEKDAY(L$2,2)<=5),100/$E49,0) -> 0 | M49: =IF(AND(M$2>=$C49,M$2<=$D49,WEEKDAY(M$2,2)<=5),100/$E49,0) -> 0 | N49: =IF(AND(N$2>=$C49,N$2<=$D49,WEEKDAY(N$2,2)<=5),100/$E49,0) -> 1.4925373 | ... HE49: =IF(AND(HE$2>=$C49,HE$2<=$D49,WEEKDAY(HE$2,2)<=5),100/$E49,0) -> 0
F50: Avance acumulado % | G50: =SUM($G49:G49) -> 1.4925373 | H50: =SUM($G49:H49) -> 2.9850746 | I50: =SUM($G49:I49) -> 4.4776119 | J50: =SUM($G49:J49) -> 5.9701493 | K50: =SUM($G49:K49) -> 7.4626866 | L50: =SUM($G49:L49) -> 7.4626866 | M50: =SUM($G49:M49) -> 7.4626866 | N50: =SUM($G49:N49) -> 8.9552239 | ... HE50: =SUM($G49:HE49) -> 100
A51: 1.2.5.1.9.1 | B51: C / F2 / OC / FUND PEAS - PEALL / CICLO 01 | C51: =Datos!F26 -> 46304 | D51: =Datos!G26 -> 46317 | E51: =NETWORKDAYS(C51,D51) -> 10 | F51: Avance parcial % | G51: =IF(AND(G$2>=$C51,G$2<=$D51,WEEKDAY(G$2,2)<=5),100/$E51,0) -> 0 | H51: =IF(AND(H$2>=$C51,H$2<=$D51,WEEKDAY(H$2,2)<=5),100/$E51,0) -> 0 | I51: =IF(AND(I$2>=$C51,I$2<=$D51,WEEKDAY(I$2,2)<=5),100/$E51,0) -> 0 | J51: =IF(AND(J$2>=$C51,J$2<=$D51,WEEKDAY(J$2,2)<=5),100/$E51,0) -> 0 | K51: =IF(AND(K$2>=$C51,K$2<=$D51,WEEKDAY(K$2,2)<=5),100/$E51,0) -> 0 | L51: =IF(AND(L$2>=$C51,L$2<=$D51,WEEKDAY(L$2,2)<=5),100/$E51,0) -> 0 | M51: =IF(AND(M$2>=$C51,M$2<=$D51,WEEKDAY(M$2,2)<=5),100/$E51,0) -> 0 | N51: =IF(AND(N$2>=$C51,N$2<=$D51,WEEKDAY(N$2,2)<=5),100/$E51,0) -> 0 | ... HE51: =IF(AND(HE$2>=$C51,HE$2<=$D51,WEEKDAY(HE$2,2)<=5),100/$E51,0) -> 0
F52: Avance acumulado % | G52: =SUM($G51:G51) -> 0 | H52: =SUM($G51:H51) -> 0 | I52: =SUM($G51:I51) -> 0 | J52: =SUM($G51:J51) -> 0 | K52: =SUM($G51:K51) -> 0 | L52: =SUM($G51:L51) -> 0 | M52: =SUM($G51:M51) -> 0 | N52: =SUM($G51:N51) -> 0 | ... HE52: =SUM($G51:HE51) -> 100
A53: 1.2.5.1.9.1.3 | B53: [M3] C / F2 / OC / FUNDP / C1 / Hormigón | C53: =Datos!F27 -> 46317 | D53: =Datos!G27 -> 46317 | E53: =NETWORKDAYS(C53,D53) -> 1 | F53: Avance parcial % | G53: =IF(AND(G$2>=$C53,G$2<=$D53,WEEKDAY(G$2,2)<=5),100/$E53,0) -> 0 | H53: =IF(AND(H$2>=$C53,H$2<=$D53,WEEKDAY(H$2,2)<=5),100/$E53,0) -> 0 | I53: =IF(AND(I$2>=$C53,I$2<=$D53,WEEKDAY(I$2,2)<=5),100/$E53,0) -> 0 | J53: =IF(AND(J$2>=$C53,J$2<=$D53,WEEKDAY(J$2,2)<=5),100/$E53,0) -> 0 | K53: =IF(AND(K$2>=$C53,K$2<=$D53,WEEKDAY(K$2,2)<=5),100/$E53,0) -> 0 | L53: =IF(AND(L$2>=$C53,L$2<=$D53,WEEKDAY(L$2,2)<=5),100/$E53,0) -> 0 | M53: =IF(AND(M$2>=$C53,M$2<=$D53,WEEKDAY(M$2,2)<=5),100/$E53,0) -> 0 | N53: =IF(AND(N$2>=$C53,N$2<=$D53,WEEKDAY(N$2,2)<=5),100/$E53,0) -> 0 | ... HE53: =IF(AND(HE$2>=$C53,HE$2<=$D53,WEEKDAY(HE$2,2)<=5),100/$E53,0) -> 0
F54: Avance acumulado % | G54: =SUM($G53:G53) -> 0 | H54: =SUM($G53:H53) -> 0 | I54: =SUM($G53:I53) -> 0 | J54: =SUM($G53:J53) -> 0 | K54: =SUM($G53:K53) -> 0 | L54: =SUM($G53:L53) -> 0 | M54: =SUM($G53:M53) -> 0 | N54: =SUM($G53:N53) -> 0 | ... HE54: =SUM($G53:HE53) -> 100
A55: 1.2.5.1.9.2 | B55: C / F2 / OC / FUND PEAS -PEALL / CICLO 02 | C55: =Datos!F28 -> 46337 | D55: =Datos!G28 -> 46344 | E55: =NETWORKDAYS(C55,D55) -> 6 | F55: Avance parcial % | G55: =IF(AND(G$2>=$C55,G$2<=$D55,WEEKDAY(G$2,2)<=5),100/$E55,0) -> 0 | H55: =IF(AND(H$2>=$C55,H$2<=$D55,WEEKDAY(H$2,2)<=5),100/$E55,0) -> 0 | I55: =IF(AND(I$2>=$C55,I$2<=$D55,WEEKDAY(I$2,2)<=5),100/$E55,0) -> 0 | J55: =IF(AND(J$2>=$C55,J$2<=$D55,WEEKDAY(J$2,2)<=5),100/$E55,0) -> 0 | K55: =IF(AND(K$2>=$C55,K$2<=$D55,WEEKDAY(K$2,2)<=5),100/$E55,0) -> 0 | L55: =IF(AND(L$2>=$C55,L$2<=$D55,WEEKDAY(L$2,2)<=5),100/$E55,0) -> 0 | M55: =IF(AND(M$2>=$C55,M$2<=$D55,WEEKDAY(M$2,2)<=5),100/$E55,0) -> 0 | N55: =IF(AND(N$2>=$C55,N$2<=$D55,WEEKDAY(N$2,2)<=5),100/$E55,0) -> 0 | ... HE55: =IF(AND(HE$2>=$C55,HE$2<=$D55,WEEKDAY(HE$2,2)<=5),100/$E55,0) -> 0
F56: Avance acumulado % | G56: =SUM($G55:G55) -> 0 | H56: =SUM($G55:H55) -> 0 | I56: =SUM($G55:I55) -> 0 | J56: =SUM($G55:J55) -> 0 | K56: =SUM($G55:K55) -> 0 | L56: =SUM($G55:L55) -> 0 | M56: =SUM($G55:M55) -> 0 | N56: =SUM($G55:N55) -> 0 | ... HE56: =SUM($G55:HE55) -> 100
A57: 1.2.5.1.9.2.3 | B57: [M3] C / F2 / OC / FUNDP / C2 / Hormigón | C57: =Datos!F29 -> 46343 | D57: =Datos!G29 -> 46344 | E57: =NETWORKDAYS(C57,D57) -> 2 | F57: Avance parcial % | G57: =IF(AND(G$2>=$C57,G$2<=$D57,WEEKDAY(G$2,2)<=5),100/$E57,0) -> 0 | H57: =IF(AND(H$2>=$C57,H$2<=$D57,WEEKDAY(H$2,2)<=5),100/$E57,0) -> 0 | I57: =IF(AND(I$2>=$C57,I$2<=$D57,WEEKDAY(I$2,2)<=5),100/$E57,0) -> 0 | J57: =IF(AND(J$2>=$C57,J$2<=$D57,WEEKDAY(J$2,2)<=5),100/$E57,0) -> 0 | K57: =IF(AND(K$2>=$C57,K$2<=$D57,WEEKDAY(K$2,2)<=5),100/$E57,0) -> 0 | L57: =IF(AND(L$2>=$C57,L$2<=$D57,WEEKDAY(L$2,2)<=5),100/$E57,0) -> 0 | M57: =IF(AND(M$2>=$C57,M$2<=$D57,WEEKDAY(M$2,2)<=5),100/$E57,0) -> 0 | N57: =IF(AND(N$2>=$C57,N$2<=$D57,WEEKDAY(N$2,2)<=5),100/$E57,0) -> 0 | ... HE57: =IF(AND(HE$2>=$C57,HE$2<=$D57,WEEKDAY(HE$2,2)<=5),100/$E57,0) -> 0
F58: Avance acumulado % | G58: =SUM($G57:G57) -> 0 | H58: =SUM($G57:H57) -> 0 | I58: =SUM($G57:I57) -> 0 | J58: =SUM($G57:J57) -> 0 | K58: =SUM($G57:K57) -> 0 | L58: =SUM($G57:L57) -> 0 | M58: =SUM($G57:M57) -> 0 | N58: =SUM($G57:N57) -> 0 | ... HE58: =SUM($G57:HE57) -> 100
A59: 1.2.5.1.9.3 | B59: C / F2 / OC / PEAS - CIG - PEALL / ELEVACIONES Y LOSAS | C59: =Datos!F30 -> 46318 | D59: =Datos!G30 -> 46371 | E59: =NETWORKDAYS(C59,D59) -> 38 | F59: Avance parcial % | G59: =IF(AND(G$2>=$C59,G$2<=$D59,WEEKDAY(G$2,2)<=5),100/$E59,0) -> 0 | H59: =IF(AND(H$2>=$C59,H$2<=$D59,WEEKDAY(H$2,2)<=5),100/$E59,0) -> 0 | I59: =IF(AND(I$2>=$C59,I$2<=$D59,WEEKDAY(I$2,2)<=5),100/$E59,0) -> 0 | J59: =IF(AND(J$2>=$C59,J$2<=$D59,WEEKDAY(J$2,2)<=5),100/$E59,0) -> 0 | K59: =IF(AND(K$2>=$C59,K$2<=$D59,WEEKDAY(K$2,2)<=5),100/$E59,0) -> 0 | L59: =IF(AND(L$2>=$C59,L$2<=$D59,WEEKDAY(L$2,2)<=5),100/$E59,0) -> 0 | M59: =IF(AND(M$2>=$C59,M$2<=$D59,WEEKDAY(M$2,2)<=5),100/$E59,0) -> 0 | N59: =IF(AND(N$2>=$C59,N$2<=$D59,WEEKDAY(N$2,2)<=5),100/$E59,0) -> 0 | ... HE59: =IF(AND(HE$2>=$C59,HE$2<=$D59,WEEKDAY(HE$2,2)<=5),100/$E59,0) -> 0
F60: Avance acumulado % | G60: =SUM($G59:G59) -> 0 | H60: =SUM($G59:H59) -> 0 | I60: =SUM($G59:I59) -> 0 | J60: =SUM($G59:J59) -> 0 | K60: =SUM($G59:K59) -> 0 | L60: =SUM($G59:L59) -> 0 | M60: =SUM($G59:M59) -> 0 | N60: =SUM($G59:N59) -> 0 | ... HE60: =SUM($G59:HE59) -> 100
A61: 1.2.5.1.9.3.1 | B61: C / F2 / OC / PEAS - CIG - PEALL ELEV / CICLO 01 | C61: =Datos!F31 -> 46318 | D61: =Datos!G31 -> 46329 | E61: =NETWORKDAYS(C61,D61) -> 8 | F61: Avance parcial % | G61: =IF(AND(G$2>=$C61,G$2<=$D61,WEEKDAY(G$2,2)<=5),100/$E61,0) -> 0 | H61: =IF(AND(H$2>=$C61,H$2<=$D61,WEEKDAY(H$2,2)<=5),100/$E61,0) -> 0 | I61: =IF(AND(I$2>=$C61,I$2<=$D61,WEEKDAY(I$2,2)<=5),100/$E61,0) -> 0 | J61: =IF(AND(J$2>=$C61,J$2<=$D61,WEEKDAY(J$2,2)<=5),100/$E61,0) -> 0 | K61: =IF(AND(K$2>=$C61,K$2<=$D61,WEEKDAY(K$2,2)<=5),100/$E61,0) -> 0 | L61: =IF(AND(L$2>=$C61,L$2<=$D61,WEEKDAY(L$2,2)<=5),100/$E61,0) -> 0 | M61: =IF(AND(M$2>=$C61,M$2<=$D61,WEEKDAY(M$2,2)<=5),100/$E61,0) -> 0 | N61: =IF(AND(N$2>=$C61,N$2<=$D61,WEEKDAY(N$2,2)<=5),100/$E61,0) -> 0 | ... HE61: =IF(AND(HE$2>=$C61,HE$2<=$D61,WEEKDAY(HE$2,2)<=5),100/$E61,0) -> 0
F62: Avance acumulado % | G62: =SUM($G61:G61) -> 0 | H62: =SUM($G61:H61) -> 0 | I62: =SUM($G61:I61) -> 0 | J62: =SUM($G61:J61) -> 0 | K62: =SUM($G61:K61) -> 0 | L62: =SUM($G61:L61) -> 0 | M62: =SUM($G61:M61) -> 0 | N62: =SUM($G61:N61) -> 0 | ... HE62: =SUM($G61:HE61) -> 100
A63: 1.2.5.1.9.3.1.3 | B63: [M3] C / F2 / OC / PEAS-CIG-Elev / C1 / Hormigón | C63: =Datos!F32 -> 46325 | D63: =Datos!G32 -> 46329 | E63: =NETWORKDAYS(C63,D63) -> 3 | F63: Avance parcial % | G63: =IF(AND(G$2>=$C63,G$2<=$D63,WEEKDAY(G$2,2)<=5),100/$E63,0) -> 0 | H63: =IF(AND(H$2>=$C63,H$2<=$D63,WEEKDAY(H$2,2)<=5),100/$E63,0) -> 0 | I63: =IF(AND(I$2>=$C63,I$2<=$D63,WEEKDAY(I$2,2)<=5),100/$E63,0) -> 0 | J63: =IF(AND(J$2>=$C63,J$2<=$D63,WEEKDAY(J$2,2)<=5),100/$E63,0) -> 0 | K63: =IF(AND(K$2>=$C63,K$2<=$D63,WEEKDAY(K$2,2)<=5),100/$E63,0) -> 0 | L63: =IF(AND(L$2>=$C63,L$2<=$D63,WEEKDAY(L$2,2)<=5),100/$E63,0) -> 0 | M63: =IF(AND(M$2>=$C63,M$2<=$D63,WEEKDAY(M$2,2)<=5),100/$E63,0) -> 0 | N63: =IF(AND(N$2>=$C63,N$2<=$D63,WEEKDAY(N$2,2)<=5),100/$E63,0) -> 0 | ... HE63: =IF(AND(HE$2>=$C63,HE$2<=$D63,WEEKDAY(HE$2,2)<=5),100/$E63,0) -> 0
F64: Avance acumulado % | G64: =SUM($G63:G63) -> 0 | H64: =SUM($G63:H63) -> 0 | I64: =SUM($G63:I63) -> 0 | J64: =SUM($G63:J63) -> 0 | K64: =SUM($G63:K63) -> 0 | L64: =SUM($G63:L63) -> 0 | M64: =SUM($G63:M63) -> 0 | N64: =SUM($G63:N63) -> 0 | ... HE64: =SUM($G63:HE63) -> 100
A65: 1.2.5.1.9.3.1.6 | B65: [M3] C / F2 / OC / PEALL-Elev / C1 / Hormigón | C65: =Datos!F33 -> 46325 | D65: =Datos!G33 -> 46329 | E65: =NETWORKDAYS(C65,D65) -> 3 | F65: Avance parcial % | G65: =IF(AND(G$2>=$C65,G$2<=$D65,WEEKDAY(G$2,2)<=5),100/$E65,0) -> 0 | H65: =IF(AND(H$2>=$C65,H$2<=$D65,WEEKDAY(H$2,2)<=5),100/$E65,0) -> 0 | I65: =IF(AND(I$2>=$C65,I$2<=$D65,WEEKDAY(I$2,2)<=5),100/$E65,0) -> 0 | J65: =IF(AND(J$2>=$C65,J$2<=$D65,WEEKDAY(J$2,2)<=5),100/$E65,0) -> 0 | K65: =IF(AND(K$2>=$C65,K$2<=$D65,WEEKDAY(K$2,2)<=5),100/$E65,0) -> 0 | L65: =IF(AND(L$2>=$C65,L$2<=$D65,WEEKDAY(L$2,2)<=5),100/$E65,0) -> 0 | M65: =IF(AND(M$2>=$C65,M$2<=$D65,WEEKDAY(M$2,2)<=5),100/$E65,0) -> 0 | N65: =IF(AND(N$2>=$C65,N$2<=$D65,WEEKDAY(N$2,2)<=5),100/$E65,0) -> 0 | ... HE65: =IF(AND(HE$2>=$C65,HE$2<=$D65,WEEKDAY(HE$2,2)<=5),100/$E65,0) -> 0
F66: Avance acumulado % | G66: =SUM($G65:G65) -> 0 | H66: =SUM($G65:H65) -> 0 | I66: =SUM($G65:I65) -> 0 | J66: =SUM($G65:J65) -> 0 | K66: =SUM($G65:K65) -> 0 | L66: =SUM($G65:L65) -> 0 | M66: =SUM($G65:M65) -> 0 | N66: =SUM($G65:N65) -> 0 | ... HE66: =SUM($G65:HE65) -> 100
A67: 1.2.5.1.9.3.2 | B67: C / F2 / OC / PEAS - CIG - PEALL Losa / CICLO 01 | C67: =Datos!F34 -> 46330 | D67: =Datos!G34 -> 46342 | E67: =NETWORKDAYS(C67,D67) -> 9 | F67: Avance parcial % | G67: =IF(AND(G$2>=$C67,G$2<=$D67,WEEKDAY(G$2,2)<=5),100/$E67,0) -> 0 | H67: =IF(AND(H$2>=$C67,H$2<=$D67,WEEKDAY(H$2,2)<=5),100/$E67,0) -> 0 | I67: =IF(AND(I$2>=$C67,I$2<=$D67,WEEKDAY(I$2,2)<=5),100/$E67,0) -> 0 | J67: =IF(AND(J$2>=$C67,J$2<=$D67,WEEKDAY(J$2,2)<=5),100/$E67,0) -> 0 | K67: =IF(AND(K$2>=$C67,K$2<=$D67,WEEKDAY(K$2,2)<=5),100/$E67,0) -> 0 | L67: =IF(AND(L$2>=$C67,L$2<=$D67,WEEKDAY(L$2,2)<=5),100/$E67,0) -> 0 | M67: =IF(AND(M$2>=$C67,M$2<=$D67,WEEKDAY(M$2,2)<=5),100/$E67,0) -> 0 | N67: =IF(AND(N$2>=$C67,N$2<=$D67,WEEKDAY(N$2,2)<=5),100/$E67,0) -> 0 | ... HE67: =IF(AND(HE$2>=$C67,HE$2<=$D67,WEEKDAY(HE$2,2)<=5),100/$E67,0) -> 0
F68: Avance acumulado % | G68: =SUM($G67:G67) -> 0 | H68: =SUM($G67:H67) -> 0 | I68: =SUM($G67:I67) -> 0 | J68: =SUM($G67:J67) -> 0 | K68: =SUM($G67:K67) -> 0 | L68: =SUM($G67:L67) -> 0 | M68: =SUM($G67:M67) -> 0 | N68: =SUM($G67:N67) -> 0 | ... HE68: =SUM($G67:HE67) -> 100
A69: 1.2.5.1.9.3.2.3 | B69: [M3] C / F2 / OC / PEAS-CIG-Losa / C1 / Hormigón | C69: =Datos!F35 -> 46338 | D69: =Datos!G35 -> 46342 | E69: =NETWORKDAYS(C69,D69) -> 3 | F69: Avance parcial % | G69: =IF(AND(G$2>=$C69,G$2<=$D69,WEEKDAY(G$2,2)<=5),100/$E69,0) -> 0 | H69: =IF(AND(H$2>=$C69,H$2<=$D69,WEEKDAY(H$2,2)<=5),100/$E69,0) -> 0 | I69: =IF(AND(I$2>=$C69,I$2<=$D69,WEEKDAY(I$2,2)<=5),100/$E69,0) -> 0 | J69: =IF(AND(J$2>=$C69,J$2<=$D69,WEEKDAY(J$2,2)<=5),100/$E69,0) -> 0 | K69: =IF(AND(K$2>=$C69,K$2<=$D69,WEEKDAY(K$2,2)<=5),100/$E69,0) -> 0 | L69: =IF(AND(L$2>=$C69,L$2<=$D69,WEEKDAY(L$2,2)<=5),100/$E69,0) -> 0 | M69: =IF(AND(M$2>=$C69,M$2<=$D69,WEEKDAY(M$2,2)<=5),100/$E69,0) -> 0 | N69: =IF(AND(N$2>=$C69,N$2<=$D69,WEEKDAY(N$2,2)<=5),100/$E69,0) -> 0 | ... HE69: =IF(AND(HE$2>=$C69,HE$2<=$D69,WEEKDAY(HE$2,2)<=5),100/$E69,0) -> 0
F70: Avance acumulado % | G70: =SUM($G69:G69) -> 0 | H70: =SUM($G69:H69) -> 0 | I70: =SUM($G69:I69) -> 0 | J70: =SUM($G69:J69) -> 0 | K70: =SUM($G69:K69) -> 0 | L70: =SUM($G69:L69) -> 0 | M70: =SUM($G69:M69) -> 0 | N70: =SUM($G69:N69) -> 0 | ... HE70: =SUM($G69:HE69) -> 100
A71: 1.2.5.1.9.3.2.6 | B71: [M3] C / F2 / OC / PEALL-Losa / C1 / Hormigón | C71: =Datos!F36 -> 46338 | D71: =Datos!G36 -> 46342 | E71: =NETWORKDAYS(C71,D71) -> 3 | F71: Avance parcial % | G71: =IF(AND(G$2>=$C71,G$2<=$D71,WEEKDAY(G$2,2)<=5),100/$E71,0) -> 0 | H71: =IF(AND(H$2>=$C71,H$2<=$D71,WEEKDAY(H$2,2)<=5),100/$E71,0) -> 0 | I71: =IF(AND(I$2>=$C71,I$2<=$D71,WEEKDAY(I$2,2)<=5),100/$E71,0) -> 0 | J71: =IF(AND(J$2>=$C71,J$2<=$D71,WEEKDAY(J$2,2)<=5),100/$E71,0) -> 0 | K71: =IF(AND(K$2>=$C71,K$2<=$D71,WEEKDAY(K$2,2)<=5),100/$E71,0) -> 0 | L71: =IF(AND(L$2>=$C71,L$2<=$D71,WEEKDAY(L$2,2)<=5),100/$E71,0) -> 0 | M71: =IF(AND(M$2>=$C71,M$2<=$D71,WEEKDAY(M$2,2)<=5),100/$E71,0) -> 0 | N71: =IF(AND(N$2>=$C71,N$2<=$D71,WEEKDAY(N$2,2)<=5),100/$E71,0) -> 0 | ... HE71: =IF(AND(HE$2>=$C71,HE$2<=$D71,WEEKDAY(HE$2,2)<=5),100/$E71,0) -> 0
F72: Avance acumulado % | G72: =SUM($G71:G71) -> 0 | H72: =SUM($G71:H71) -> 0 | I72: =SUM($G71:I71) -> 0 | J72: =SUM($G71:J71) -> 0 | K72: =SUM($G71:K71) -> 0 | L72: =SUM($G71:L71) -> 0 | M72: =SUM($G71:M71) -> 0 | N72: =SUM($G71:N71) -> 0 | ... HE72: =SUM($G71:HE71) -> 100
A73: 1.2.5.1.9.3.3 | B73: C / OC / F2 / PEAS - CIG - PEALL - ELEV / CICLO 02 | C73: =Datos!F37 -> 46343 | D73: =Datos!G37 -> 46357 | E73: =NETWORKDAYS(C73,D73) -> 11 | F73: Avance parcial % | G73: =IF(AND(G$2>=$C73,G$2<=$D73,WEEKDAY(G$2,2)<=5),100/$E73,0) -> 0 | H73: =IF(AND(H$2>=$C73,H$2<=$D73,WEEKDAY(H$2,2)<=5),100/$E73,0) -> 0 | I73: =IF(AND(I$2>=$C73,I$2<=$D73,WEEKDAY(I$2,2)<=5),100/$E73,0) -> 0 | J73: =IF(AND(J$2>=$C73,J$2<=$D73,WEEKDAY(J$2,2)<=5),100/$E73,0) -> 0 | K73: =IF(AND(K$2>=$C73,K$2<=$D73,WEEKDAY(K$2,2)<=5),100/$E73,0) -> 0 | L73: =IF(AND(L$2>=$C73,L$2<=$D73,WEEKDAY(L$2,2)<=5),100/$E73,0) -> 0 | M73: =IF(AND(M$2>=$C73,M$2<=$D73,WEEKDAY(M$2,2)<=5),100/$E73,0) -> 0 | N73: =IF(AND(N$2>=$C73,N$2<=$D73,WEEKDAY(N$2,2)<=5),100/$E73,0) -> 0 | ... HE73: =IF(AND(HE$2>=$C73,HE$2<=$D73,WEEKDAY(HE$2,2)<=5),100/$E73,0) -> 0
F74: Avance acumulado % | G74: =SUM($G73:G73) -> 0 | H74: =SUM($G73:H73) -> 0 | I74: =SUM($G73:I73) -> 0 | J74: =SUM($G73:J73) -> 0 | K74: =SUM($G73:K73) -> 0 | L74: =SUM($G73:L73) -> 0 | M74: =SUM($G73:M73) -> 0 | N74: =SUM($G73:N73) -> 0 | ... HE74: =SUM($G73:HE73) -> 100
A75: 1.2.5.1.9.3.3.3 | B75: [M3] C / F2 / OC / PEAS-CIG-Elev / C2 / Hormigón | C75: =Datos!F38 -> 46353 | D75: =Datos!G38 -> 46357 | E75: =NETWORKDAYS(C75,D75) -> 3 | F75: Avance parcial % | G75: =IF(AND(G$2>=$C75,G$2<=$D75,WEEKDAY(G$2,2)<=5),100/$E75,0) -> 0 | H75: =IF(AND(H$2>=$C75,H$2<=$D75,WEEKDAY(H$2,2)<=5),100/$E75,0) -> 0 | I75: =IF(AND(I$2>=$C75,I$2<=$D75,WEEKDAY(I$2,2)<=5),100/$E75,0) -> 0 | J75: =IF(AND(J$2>=$C75,J$2<=$D75,WEEKDAY(J$2,2)<=5),100/$E75,0) -> 0 | K75: =IF(AND(K$2>=$C75,K$2<=$D75,WEEKDAY(K$2,2)<=5),100/$E75,0) -> 0 | L75: =IF(AND(L$2>=$C75,L$2<=$D75,WEEKDAY(L$2,2)<=5),100/$E75,0) -> 0 | M75: =IF(AND(M$2>=$C75,M$2<=$D75,WEEKDAY(M$2,2)<=5),100/$E75,0) -> 0 | N75: =IF(AND(N$2>=$C75,N$2<=$D75,WEEKDAY(N$2,2)<=5),100/$E75,0) -> 0 | ... HE75: =IF(AND(HE$2>=$C75,HE$2<=$D75,WEEKDAY(HE$2,2)<=5),100/$E75,0) -> 0
F76: Avance acumulado % | G76: =SUM($G75:G75) -> 0 | H76: =SUM($G75:H75) -> 0 | I76: =SUM($G75:I75) -> 0 | J76: =SUM($G75:J75) -> 0 | K76: =SUM($G75:K75) -> 0 | L76: =SUM($G75:L75) -> 0 | M76: =SUM($G75:M75) -> 0 | N76: =SUM($G75:N75) -> 0 | ... HE76: =SUM($G75:HE75) -> 100
A77: 1.2.5.1.9.3.3.6 | B77: [M3] C / F2 / OC / PEALL-Elev / C2 / Hormigón | C77: =Datos!F39 -> 46351 | D77: =Datos!G39 -> 46353 | E77: =NETWORKDAYS(C77,D77) -> 3 | F77: Avance parcial % | G77: =IF(AND(G$2>=$C77,G$2<=$D77,WEEKDAY(G$2,2)<=5),100/$E77,0) -> 0 | H77: =IF(AND(H$2>=$C77,H$2<=$D77,WEEKDAY(H$2,2)<=5),100/$E77,0) -> 0 | I77: =IF(AND(I$2>=$C77,I$2<=$D77,WEEKDAY(I$2,2)<=5),100/$E77,0) -> 0 | J77: =IF(AND(J$2>=$C77,J$2<=$D77,WEEKDAY(J$2,2)<=5),100/$E77,0) -> 0 | K77: =IF(AND(K$2>=$C77,K$2<=$D77,WEEKDAY(K$2,2)<=5),100/$E77,0) -> 0 | L77: =IF(AND(L$2>=$C77,L$2<=$D77,WEEKDAY(L$2,2)<=5),100/$E77,0) -> 0 | M77: =IF(AND(M$2>=$C77,M$2<=$D77,WEEKDAY(M$2,2)<=5),100/$E77,0) -> 0 | N77: =IF(AND(N$2>=$C77,N$2<=$D77,WEEKDAY(N$2,2)<=5),100/$E77,0) -> 0 | ... HE77: =IF(AND(HE$2>=$C77,HE$2<=$D77,WEEKDAY(HE$2,2)<=5),100/$E77,0) -> 0
F78: Avance acumulado % | G78: =SUM($G77:G77) -> 0 | H78: =SUM($G77:H77) -> 0 | I78: =SUM($G77:I77) -> 0 | J78: =SUM($G77:J77) -> 0 | K78: =SUM($G77:K77) -> 0 | L78: =SUM($G77:L77) -> 0 | M78: =SUM($G77:M77) -> 0 | N78: =SUM($G77:N77) -> 0 | ... HE78: =SUM($G77:HE77) -> 100
A79: 1.2.5.1.9.3.4 | B79: C / OC / F2 / PEAS - CIG - PEALL ELEV Losa / CICLO 02 | C79: =Datos!F40 -> 46356 | D79: =Datos!G40 -> 46371 | E79: =NETWORKDAYS(C79,D79) -> 12 | F79: Avance parcial % | G79: =IF(AND(G$2>=$C79,G$2<=$D79,WEEKDAY(G$2,2)<=5),100/$E79,0) -> 0 | H79: =IF(AND(H$2>=$C79,H$2<=$D79,WEEKDAY(H$2,2)<=5),100/$E79,0) -> 0 | I79: =IF(AND(I$2>=$C79,I$2<=$D79,WEEKDAY(I$2,2)<=5),100/$E79,0) -> 0 | J79: =IF(AND(J$2>=$C79,J$2<=$D79,WEEKDAY(J$2,2)<=5),100/$E79,0) -> 0 | K79: =IF(AND(K$2>=$C79,K$2<=$D79,WEEKDAY(K$2,2)<=5),100/$E79,0) -> 0 | L79: =IF(AND(L$2>=$C79,L$2<=$D79,WEEKDAY(L$2,2)<=5),100/$E79,0) -> 0 | M79: =IF(AND(M$2>=$C79,M$2<=$D79,WEEKDAY(M$2,2)<=5),100/$E79,0) -> 0 | N79: =IF(AND(N$2>=$C79,N$2<=$D79,WEEKDAY(N$2,2)<=5),100/$E79,0) -> 0 | ... HE79: =IF(AND(HE$2>=$C79,HE$2<=$D79,WEEKDAY(HE$2,2)<=5),100/$E79,0) -> 0
F80: Avance acumulado % | G80: =SUM($G79:G79) -> 0 | H80: =SUM($G79:H79) -> 0 | I80: =SUM($G79:I79) -> 0 | J80: =SUM($G79:J79) -> 0 | K80: =SUM($G79:K79) -> 0 | L80: =SUM($G79:L79) -> 0 | M80: =SUM($G79:M79) -> 0 | N80: =SUM($G79:N79) -> 0 | ... HE80: =SUM($G79:HE79) -> 100
A81: 1.2.5.1.9.3.4.3 | B81: [M3] C / F2 / OC / PEAS-CIG-PEALL-Losa / C2 / Hormigón | C81: =Datos!F41 -> 46367 | D81: =Datos!G41 -> 46371 | E81: =NETWORKDAYS(C81,D81) -> 3 | F81: Avance parcial % | G81: =IF(AND(G$2>=$C81,G$2<=$D81,WEEKDAY(G$2,2)<=5),100/$E81,0) -> 0 | H81: =IF(AND(H$2>=$C81,H$2<=$D81,WEEKDAY(H$2,2)<=5),100/$E81,0) -> 0 | I81: =IF(AND(I$2>=$C81,I$2<=$D81,WEEKDAY(I$2,2)<=5),100/$E81,0) -> 0 | J81: =IF(AND(J$2>=$C81,J$2<=$D81,WEEKDAY(J$2,2)<=5),100/$E81,0) -> 0 | K81: =IF(AND(K$2>=$C81,K$2<=$D81,WEEKDAY(K$2,2)<=5),100/$E81,0) -> 0 | L81: =IF(AND(L$2>=$C81,L$2<=$D81,WEEKDAY(L$2,2)<=5),100/$E81,0) -> 0 | M81: =IF(AND(M$2>=$C81,M$2<=$D81,WEEKDAY(M$2,2)<=5),100/$E81,0) -> 0 | N81: =IF(AND(N$2>=$C81,N$2<=$D81,WEEKDAY(N$2,2)<=5),100/$E81,0) -> 0 | ... HE81: =IF(AND(HE$2>=$C81,HE$2<=$D81,WEEKDAY(HE$2,2)<=5),100/$E81,0) -> 0
F82: Avance acumulado % | G82: =SUM($G81:G81) -> 0 | H82: =SUM($G81:H81) -> 0 | I82: =SUM($G81:I81) -> 0 | J82: =SUM($G81:J81) -> 0 | K82: =SUM($G81:K81) -> 0 | L82: =SUM($G81:L81) -> 0 | M82: =SUM($G81:M81) -> 0 | N82: =SUM($G81:N81) -> 0 | ... HE82: =SUM($G81:HE81) -> 100
A83: 1.2.5.1.9.5 | B83: C / F2 / OC / FUND F1 | C83: =Datos!F42 -> 46301 | D83: =Datos!G42 -> 46316 | E83: =NETWORKDAYS(C83,D83) -> 12 | F83: Avance parcial % | G83: =IF(AND(G$2>=$C83,G$2<=$D83,WEEKDAY(G$2,2)<=5),100/$E83,0) -> 0 | H83: =IF(AND(H$2>=$C83,H$2<=$D83,WEEKDAY(H$2,2)<=5),100/$E83,0) -> 0 | I83: =IF(AND(I$2>=$C83,I$2<=$D83,WEEKDAY(I$2,2)<=5),100/$E83,0) -> 0 | J83: =IF(AND(J$2>=$C83,J$2<=$D83,WEEKDAY(J$2,2)<=5),100/$E83,0) -> 0 | K83: =IF(AND(K$2>=$C83,K$2<=$D83,WEEKDAY(K$2,2)<=5),100/$E83,0) -> 0 | L83: =IF(AND(L$2>=$C83,L$2<=$D83,WEEKDAY(L$2,2)<=5),100/$E83,0) -> 0 | M83: =IF(AND(M$2>=$C83,M$2<=$D83,WEEKDAY(M$2,2)<=5),100/$E83,0) -> 0 | N83: =IF(AND(N$2>=$C83,N$2<=$D83,WEEKDAY(N$2,2)<=5),100/$E83,0) -> 0 | ... HE83: =IF(AND(HE$2>=$C83,HE$2<=$D83,WEEKDAY(HE$2,2)<=5),100/$E83,0) -> 0
F84: Avance acumulado % | G84: =SUM($G83:G83) -> 0 | H84: =SUM($G83:H83) -> 0 | I84: =SUM($G83:I83) -> 0 | J84: =SUM($G83:J83) -> 0 | K84: =SUM($G83:K83) -> 0 | L84: =SUM($G83:L83) -> 0 | M84: =SUM($G83:M83) -> 0 | N84: =SUM($G83:N83) -> 0 | ... HE84: =SUM($G83:HE83) -> 100
A85: 1.2.5.1.9.5.3 | B85: [M3] C / F2 / OC / FUND F1 / Hormigón | C85: =Datos!F43 -> 46311 | D85: =Datos!G43 -> 46316 | E85: =NETWORKDAYS(C85,D85) -> 4 | F85: Avance parcial % | G85: =IF(AND(G$2>=$C85,G$2<=$D85,WEEKDAY(G$2,2)<=5),100/$E85,0) -> 0 | H85: =IF(AND(H$2>=$C85,H$2<=$D85,WEEKDAY(H$2,2)<=5),100/$E85,0) -> 0 | I85: =IF(AND(I$2>=$C85,I$2<=$D85,WEEKDAY(I$2,2)<=5),100/$E85,0) -> 0 | J85: =IF(AND(J$2>=$C85,J$2<=$D85,WEEKDAY(J$2,2)<=5),100/$E85,0) -> 0 | K85: =IF(AND(K$2>=$C85,K$2<=$D85,WEEKDAY(K$2,2)<=5),100/$E85,0) -> 0 | L85: =IF(AND(L$2>=$C85,L$2<=$D85,WEEKDAY(L$2,2)<=5),100/$E85,0) -> 0 | M85: =IF(AND(M$2>=$C85,M$2<=$D85,WEEKDAY(M$2,2)<=5),100/$E85,0) -> 0 | N85: =IF(AND(N$2>=$C85,N$2<=$D85,WEEKDAY(N$2,2)<=5),100/$E85,0) -> 0 | ... HE85: =IF(AND(HE$2>=$C85,HE$2<=$D85,WEEKDAY(HE$2,2)<=5),100/$E85,0) -> 0
F86: Avance acumulado % | G86: =SUM($G85:G85) -> 0 | H86: =SUM($G85:H85) -> 0 | I86: =SUM($G85:I85) -> 0 | J86: =SUM($G85:J85) -> 0 | K86: =SUM($G85:K85) -> 0 | L86: =SUM($G85:L85) -> 0 | M86: =SUM($G85:M85) -> 0 | N86: =SUM($G85:N85) -> 0 | ... HE86: =SUM($G85:HE85) -> 100
A87: 1.2.5.1.9.5.5 | B87: [M3] C / F2 / OC / FUND F1 / Hormigón Instalaciones | C87: =Datos!F44 -> 46301 | D87: =Datos!G44 -> 46302 | E87: =NETWORKDAYS(C87,D87) -> 2 | F87: Avance parcial % | G87: =IF(AND(G$2>=$C87,G$2<=$D87,WEEKDAY(G$2,2)<=5),100/$E87,0) -> 0 | H87: =IF(AND(H$2>=$C87,H$2<=$D87,WEEKDAY(H$2,2)<=5),100/$E87,0) -> 0 | I87: =IF(AND(I$2>=$C87,I$2<=$D87,WEEKDAY(I$2,2)<=5),100/$E87,0) -> 0 | J87: =IF(AND(J$2>=$C87,J$2<=$D87,WEEKDAY(J$2,2)<=5),100/$E87,0) -> 0 | K87: =IF(AND(K$2>=$C87,K$2<=$D87,WEEKDAY(K$2,2)<=5),100/$E87,0) -> 0 | L87: =IF(AND(L$2>=$C87,L$2<=$D87,WEEKDAY(L$2,2)<=5),100/$E87,0) -> 0 | M87: =IF(AND(M$2>=$C87,M$2<=$D87,WEEKDAY(M$2,2)<=5),100/$E87,0) -> 0 | N87: =IF(AND(N$2>=$C87,N$2<=$D87,WEEKDAY(N$2,2)<=5),100/$E87,0) -> 0 | ... HE87: =IF(AND(HE$2>=$C87,HE$2<=$D87,WEEKDAY(HE$2,2)<=5),100/$E87,0) -> 0
F88: Avance acumulado % | G88: =SUM($G87:G87) -> 0 | H88: =SUM($G87:H87) -> 0 | I88: =SUM($G87:I87) -> 0 | J88: =SUM($G87:J87) -> 0 | K88: =SUM($G87:K87) -> 0 | L88: =SUM($G87:L87) -> 0 | M88: =SUM($G87:M87) -> 0 | N88: =SUM($G87:N87) -> 0 | ... HE88: =SUM($G87:HE87) -> 100
A89: 1.2.5.1.9.6 | B89: C / F2 / OC / FUND F4 | C89: =Datos!F45 -> 46279 | D89: =Datos!G45 -> 46290 | E89: =NETWORKDAYS(C89,D89) -> 10 | F89: Avance parcial % | G89: =IF(AND(G$2>=$C89,G$2<=$D89,WEEKDAY(G$2,2)<=5),100/$E89,0) -> 10 | H89: =IF(AND(H$2>=$C89,H$2<=$D89,WEEKDAY(H$2,2)<=5),100/$E89,0) -> 10 | I89: =IF(AND(I$2>=$C89,I$2<=$D89,WEEKDAY(I$2,2)<=5),100/$E89,0) -> 10 | J89: =IF(AND(J$2>=$C89,J$2<=$D89,WEEKDAY(J$2,2)<=5),100/$E89,0) -> 10 | K89: =IF(AND(K$2>=$C89,K$2<=$D89,WEEKDAY(K$2,2)<=5),100/$E89,0) -> 10 | L89: =IF(AND(L$2>=$C89,L$2<=$D89,WEEKDAY(L$2,2)<=5),100/$E89,0) -> 0 | M89: =IF(AND(M$2>=$C89,M$2<=$D89,WEEKDAY(M$2,2)<=5),100/$E89,0) -> 0 | N89: =IF(AND(N$2>=$C89,N$2<=$D89,WEEKDAY(N$2,2)<=5),100/$E89,0) -> 10 | ... HE89: =IF(AND(HE$2>=$C89,HE$2<=$D89,WEEKDAY(HE$2,2)<=5),100/$E89,0) -> 0
F90: Avance acumulado % | G90: =SUM($G89:G89) -> 10 | H90: =SUM($G89:H89) -> 20 | I90: =SUM($G89:I89) -> 30 | J90: =SUM($G89:J89) -> 40 | K90: =SUM($G89:K89) -> 50 | L90: =SUM($G89:L89) -> 50 | M90: =SUM($G89:M89) -> 50 | N90: =SUM($G89:N89) -> 60 | ... HE90: =SUM($G89:HE89) -> 100
A91: 1.2.5.1.9.6.3 | B91: [M3] C / F2 / OC / FUND F4 / Hormigón | C91: =Datos!F46 -> 46279 | D91: =Datos!G46 -> 46290 | E91: =NETWORKDAYS(C91,D91) -> 10 | F91: Avance parcial % | G91: =IF(AND(G$2>=$C91,G$2<=$D91,WEEKDAY(G$2,2)<=5),100/$E91,0) -> 10 | H91: =IF(AND(H$2>=$C91,H$2<=$D91,WEEKDAY(H$2,2)<=5),100/$E91,0) -> 10 | I91: =IF(AND(I$2>=$C91,I$2<=$D91,WEEKDAY(I$2,2)<=5),100/$E91,0) -> 10 | J91: =IF(AND(J$2>=$C91,J$2<=$D91,WEEKDAY(J$2,2)<=5),100/$E91,0) -> 10 | K91: =IF(AND(K$2>=$C91,K$2<=$D91,WEEKDAY(K$2,2)<=5),100/$E91,0) -> 10 | L91: =IF(AND(L$2>=$C91,L$2<=$D91,WEEKDAY(L$2,2)<=5),100/$E91,0) -> 0 | M91: =IF(AND(M$2>=$C91,M$2<=$D91,WEEKDAY(M$2,2)<=5),100/$E91,0) -> 0 | N91: =IF(AND(N$2>=$C91,N$2<=$D91,WEEKDAY(N$2,2)<=5),100/$E91,0) -> 10 | ... HE91: =IF(AND(HE$2>=$C91,HE$2<=$D91,WEEKDAY(HE$2,2)<=5),100/$E91,0) -> 0
F92: Avance acumulado % | G92: =SUM($G91:G91) -> 10 | H92: =SUM($G91:H91) -> 20 | I92: =SUM($G91:I91) -> 30 | J92: =SUM($G91:J91) -> 40 | K92: =SUM($G91:K91) -> 50 | L92: =SUM($G91:L91) -> 50 | M92: =SUM($G91:M91) -> 50 | N92: =SUM($G91:N91) -> 60 | ... HE92: =SUM($G91:HE91) -> 100
A93: 1.2.5.1.10 | B93: C / F2 / OC / AMPLIACIÓN LOSA | C93: =Datos!F47 -> 46296 | D93: =Datos!G47 -> 46386 | E93: =NETWORKDAYS(C93,D93) -> 65 | F93: Avance parcial % | G93: =IF(AND(G$2>=$C93,G$2<=$D93,WEEKDAY(G$2,2)<=5),100/$E93,0) -> 0 | H93: =IF(AND(H$2>=$C93,H$2<=$D93,WEEKDAY(H$2,2)<=5),100/$E93,0) -> 0 | I93: =IF(AND(I$2>=$C93,I$2<=$D93,WEEKDAY(I$2,2)<=5),100/$E93,0) -> 0 | J93: =IF(AND(J$2>=$C93,J$2<=$D93,WEEKDAY(J$2,2)<=5),100/$E93,0) -> 0 | K93: =IF(AND(K$2>=$C93,K$2<=$D93,WEEKDAY(K$2,2)<=5),100/$E93,0) -> 0 | L93: =IF(AND(L$2>=$C93,L$2<=$D93,WEEKDAY(L$2,2)<=5),100/$E93,0) -> 0 | M93: =IF(AND(M$2>=$C93,M$2<=$D93,WEEKDAY(M$2,2)<=5),100/$E93,0) -> 0 | N93: =IF(AND(N$2>=$C93,N$2<=$D93,WEEKDAY(N$2,2)<=5),100/$E93,0) -> 0 | ... HE93: =IF(AND(HE$2>=$C93,HE$2<=$D93,WEEKDAY(HE$2,2)<=5),100/$E93,0) -> 0
F94: Avance acumulado % | G94: =SUM($G93:G93) -> 0 | H94: =SUM($G93:H93) -> 0 | I94: =SUM($G93:I93) -> 0 | J94: =SUM($G93:J93) -> 0 | K94: =SUM($G93:K93) -> 0 | L94: =SUM($G93:L93) -> 0 | M94: =SUM($G93:M93) -> 0 | N94: =SUM($G93:N93) -> 0 | ... HE94: =SUM($G93:HE93) -> 100
A95: 1.2.5.1.10.6 | B95: [M3] C / F2 / OC / Hormigón Losa Ciclo 01 | C95: =Datos!F48 -> 46358 | D95: =Datos!G48 -> 46358 | E95: =NETWORKDAYS(C95,D95) -> 1 | F95: Avance parcial % | G95: =IF(AND(G$2>=$C95,G$2<=$D95,WEEKDAY(G$2,2)<=5),100/$E95,0) -> 0 | H95: =IF(AND(H$2>=$C95,H$2<=$D95,WEEKDAY(H$2,2)<=5),100/$E95,0) -> 0 | I95: =IF(AND(I$2>=$C95,I$2<=$D95,WEEKDAY(I$2,2)<=5),100/$E95,0) -> 0 | J95: =IF(AND(J$2>=$C95,J$2<=$D95,WEEKDAY(J$2,2)<=5),100/$E95,0) -> 0 | K95: =IF(AND(K$2>=$C95,K$2<=$D95,WEEKDAY(K$2,2)<=5),100/$E95,0) -> 0 | L95: =IF(AND(L$2>=$C95,L$2<=$D95,WEEKDAY(L$2,2)<=5),100/$E95,0) -> 0 | M95: =IF(AND(M$2>=$C95,M$2<=$D95,WEEKDAY(M$2,2)<=5),100/$E95,0) -> 0 | N95: =IF(AND(N$2>=$C95,N$2<=$D95,WEEKDAY(N$2,2)<=5),100/$E95,0) -> 0 | ... HE95: =IF(AND(HE$2>=$C95,HE$2<=$D95,WEEKDAY(HE$2,2)<=5),100/$E95,0) -> 0
F96: Avance acumulado % | G96: =SUM($G95:G95) -> 0 | H96: =SUM($G95:H95) -> 0 | I96: =SUM($G95:I95) -> 0 | J96: =SUM($G95:J95) -> 0 | K96: =SUM($G95:K95) -> 0 | L96: =SUM($G95:L95) -> 0 | M96: =SUM($G95:M95) -> 0 | N96: =SUM($G95:N95) -> 0 | ... HE96: =SUM($G95:HE95) -> 100
A97: 1.2.5.1.10.7 | B97: [M3] C / F2 / OC / Hormigón Losa Ciclo 02 | C97: =Datos!F49 -> 46359 | D97: =Datos!G49 -> 46359 | E97: =NETWORKDAYS(C97,D97) -> 1 | F97: Avance parcial % | G97: =IF(AND(G$2>=$C97,G$2<=$D97,WEEKDAY(G$2,2)<=5),100/$E97,0) -> 0 | H97: =IF(AND(H$2>=$C97,H$2<=$D97,WEEKDAY(H$2,2)<=5),100/$E97,0) -> 0 | I97: =IF(AND(I$2>=$C97,I$2<=$D97,WEEKDAY(I$2,2)<=5),100/$E97,0) -> 0 | J97: =IF(AND(J$2>=$C97,J$2<=$D97,WEEKDAY(J$2,2)<=5),100/$E97,0) -> 0 | K97: =IF(AND(K$2>=$C97,K$2<=$D97,WEEKDAY(K$2,2)<=5),100/$E97,0) -> 0 | L97: =IF(AND(L$2>=$C97,L$2<=$D97,WEEKDAY(L$2,2)<=5),100/$E97,0) -> 0 | M97: =IF(AND(M$2>=$C97,M$2<=$D97,WEEKDAY(M$2,2)<=5),100/$E97,0) -> 0 | N97: =IF(AND(N$2>=$C97,N$2<=$D97,WEEKDAY(N$2,2)<=5),100/$E97,0) -> 0 | ... HE97: =IF(AND(HE$2>=$C97,HE$2<=$D97,WEEKDAY(HE$2,2)<=5),100/$E97,0) -> 0
F98: Avance acumulado % | G98: =SUM($G97:G97) -> 0 | H98: =SUM($G97:H97) -> 0 | I98: =SUM($G97:I97) -> 0 | J98: =SUM($G97:J97) -> 0 | K98: =SUM($G97:K97) -> 0 | L98: =SUM($G97:L97) -> 0 | M98: =SUM($G97:M97) -> 0 | N98: =SUM($G97:N97) -> 0 | ... HE98: =SUM($G97:HE97) -> 100
A99: 1.2.5.1.10.8 | B99: [M3] C / F2 / OC / Hormigón Losa Ciclo 03 | C99: =Datos!F50 -> 46360 | D99: =Datos!G50 -> 46360 | E99: =NETWORKDAYS(C99,D99) -> 1 | F99: Avance parcial % | G99: =IF(AND(G$2>=$C99,G$2<=$D99,WEEKDAY(G$2,2)<=5),100/$E99,0) -> 0 | H99: =IF(AND(H$2>=$C99,H$2<=$D99,WEEKDAY(H$2,2)<=5),100/$E99,0) -> 0 | I99: =IF(AND(I$2>=$C99,I$2<=$D99,WEEKDAY(I$2,2)<=5),100/$E99,0) -> 0 | J99: =IF(AND(J$2>=$C99,J$2<=$D99,WEEKDAY(J$2,2)<=5),100/$E99,0) -> 0 | K99: =IF(AND(K$2>=$C99,K$2<=$D99,WEEKDAY(K$2,2)<=5),100/$E99,0) -> 0 | L99: =IF(AND(L$2>=$C99,L$2<=$D99,WEEKDAY(L$2,2)<=5),100/$E99,0) -> 0 | M99: =IF(AND(M$2>=$C99,M$2<=$D99,WEEKDAY(M$2,2)<=5),100/$E99,0) -> 0 | N99: =IF(AND(N$2>=$C99,N$2<=$D99,WEEKDAY(N$2,2)<=5),100/$E99,0) -> 0 | ... HE99: =IF(AND(HE$2>=$C99,HE$2<=$D99,WEEKDAY(HE$2,2)<=5),100/$E99,0) -> 0
F100: Avance acumulado % | G100: =SUM($G99:G99) -> 0 | H100: =SUM($G99:H99) -> 0 | I100: =SUM($G99:I99) -> 0 | J100: =SUM($G99:J99) -> 0 | K100: =SUM($G99:K99) -> 0 | L100: =SUM($G99:L99) -> 0 | M100: =SUM($G99:M99) -> 0 | N100: =SUM($G99:N99) -> 0 | ... HE100: =SUM($G99:HE99) -> 100
...

Sheet Avance Semanal
A1: ITEM | B1: Actividad | C1: Tipo | D1: S04 14-sep al 20-sep | E1: S05 21-sep al 27-sep | F1: S06 28-sep al 04-oct | G1: S07 05-oct al 11-oct | H1: S08 12-oct al 18-oct | I1: S09 19-oct al 25-oct | J1: S10 26-oct al 01-nov | K1: S11 02-nov al 08-nov | L1: S12 09-nov al 15-nov | M1: S13 16-nov al 22-nov | N1: S14 23-nov al 29-nov | O1: S15 30-nov al 06-dic | P1: S16 07-dic al 13-dic | Q1: S17 14-dic al 20-dic | R1: S18 21-dic al 27-dic | S1: S19 28-dic al 03-ene | T1: S20 04-ene al 10-ene | U1: S21 11-ene al 17-ene | V1: S22 18-ene al 24-ene | W1: S23 25-ene al 31-ene | X1: S24 01-feb al 07-feb | Y1: S25 08-feb al 14-feb | Z1: S26 15-feb al 21-feb | AA1: S27 22-feb al 28-feb | AB1: S28 01-mar al 07-mar | AC1: S29 08-mar al 14-mar | AD1: S30 15-mar al 21-mar | AE1: S31 22-mar al 28-mar | AF1: S32 29-mar al 04-abr | AG1: S33 05-abr al 11-abr
A2: 1.2.4.1.7 | B2: C / F1 / OC / FUNDACIONES ESTANQUE & LOSA FUNDACIÓN | C2: Avance parcial % | D2: =SUM('Avance Diario'!G3:M3) -> 0 | E2: =SUM('Avance Diario'!N3:T3) -> 0 | F2: =SUM('Avance Diario'!U3:AA3) -> 0 | G2: =SUM('Avance Diario'!AB3:AH3) -> 0 | H2: =SUM('Avance Diario'!AI3:AO3) -> 0 | I2: =SUM('Avance Diario'!AP3:AV3) -> 0 | J2: =SUM('Avance Diario'!AW3:BC3) -> 0 | K2: =SUM('Avance Diario'!BD3:BJ3) -> 0 | L2: =SUM('Avance Diario'!BK3:BQ3) -> 13.888889 | M2: =SUM('Avance Diario'!BR3:BX3) -> 13.888889 | N2: =SUM('Avance Diario'!BY3:CE3) -> 13.888889 | O2: =SUM('Avance Diario'!CF3:CL3) -> 13.888889 | P2: =SUM('Avance Diario'!CM3:CS3) -> 13.888889 | Q2: =SUM('Avance Diario'!CT3:CZ3) -> 13.888889 | R2: =SUM('Avance Diario'!DA3:DG3) -> 13.888889 | S2: =SUM('Avance Diario'!DH3:DN3) -> 2.7777778 | T2: =SUM('Avance Diario'!DO3:DU3) -> 0 | U2: =SUM('Avance Diario'!DV3:EB3) -> 0 | V2: =SUM('Avance Diario'!EC3:EI3) -> 0 | W2: =SUM('Avance Diario'!EJ3:EP3) -> 0 | X2: =SUM('Avance Diario'!EQ3:EW3) -> 0 | Y2: =SUM('Avance Diario'!EX3:FD3) -> 0 | Z2: =SUM('Avance Diario'!FE3:FK3) -> 0 | AA2: =SUM('Avance Diario'!FL3:FR3) -> 0 | AB2: =SUM('Avance Diario'!FS3:FY3) -> 0 | AC2: =SUM('Avance Diario'!FZ3:GF3) -> 0 | AD2: =SUM('Avance Diario'!GG3:GM3) -> 0 | AE2: =SUM('Avance Diario'!GN3:GT3) -> 0 | AF2: =SUM('Avance Diario'!GU3:HA3) -> 0 | AG2: =SUM('Avance Diario'!HB3:HE3) -> 0
C3: Avance acumulado % | D3: =SUM($D2:D2) -> 0 | E3: =SUM($D2:E2) -> 0 | F3: =SUM($D2:F2) -> 0 | G3: =SUM($D2:G2) -> 0 | H3: =SUM($D2:H2) -> 0 | I3: =SUM($D2:I2) -> 0 | J3: =SUM($D2:J2) -> 0 | K3: =SUM($D2:K2) -> 0 | ... AG3: =SUM($D2:AG2) -> 100
A4: 1.2.4.1.7.1 | B4: C / F1 / OC / FE / CICLO 01 | C4: Avance parcial % | D4: =SUM('Avance Diario'!G5:M5) -> 0 | E4: =SUM('Avance Diario'!N5:T5) -> 0 | F4: =SUM('Avance Diario'!U5:AA5) -> 0 | G4: =SUM('Avance Diario'!AB5:AH5) -> 0 | H4: =SUM('Avance Diario'!AI5:AO5) -> 0 | I4: =SUM('Avance Diario'!AP5:AV5) -> 0 | J4: =SUM('Avance Diario'!AW5:BC5) -> 0 | K4: =SUM('Avance Diario'!BD5:BJ5) -> 0 | L4: =SUM('Avance Diario'!BK5:BQ5) -> 55.555556 | M4: =SUM('Avance Diario'!BR5:BX5) -> 44.444444 | N4: =SUM('Avance Diario'!BY5:CE5) -> 0 | O4: =SUM('Avance Diario'!CF5:CL5) -> 0 | P4: =SUM('Avance Diario'!CM5:CS5) -> 0 | Q4: =SUM('Avance Diario'!CT5:CZ5) -> 0 | R4: =SUM('Avance Diario'!DA5:DG5) -> 0 | S4: =SUM('Avance Diario'!DH5:DN5) -> 0 | T4: =SUM('Avance Diario'!DO5:DU5) -> 0 | U4: =SUM('Avance Diario'!DV5:EB5) -> 0 | V4: =SUM('Avance Diario'!EC5:EI5) -> 0 | W4: =SUM('Avance Diario'!EJ5:EP5) -> 0 | X4: =SUM('Avance Diario'!EQ5:EW5) -> 0 | Y4: =SUM('Avance Diario'!EX5:FD5) -> 0 | Z4: =SUM('Avance Diario'!FE5:FK5) -> 0 | AA4: =SUM('Avance Diario'!FL5:FR5) -> 0 | AB4: =SUM('Avance Diario'!FS5:FY5) -> 0 | AC4: =SUM('Avance Diario'!FZ5:GF5) -> 0 | AD4: =SUM('Avance Diario'!GG5:GM5) -> 0 | AE4: =SUM('Avance Diario'!GN5:GT5) -> 0 | AF4: =SUM('Avance Diario'!GU5:HA5) -> 0 | AG4: =SUM('Avance Diario'!HB5:HE5) -> 0
C5: Avance acumulado % | D5: =SUM($D4:D4) -> 0 | E5: =SUM($D4:E4) -> 0 | F5: =SUM($D4:F4) -> 0 | G5: =SUM($D4:G4) -> 0 | H5: =SUM($D4:H4) -> 0 | I5: =SUM($D4:I4) -> 0 | J5: =SUM($D4:J4) -> 0 | K5: =SUM($D4:K4) -> 0 | ... AG5: =SUM($D4:AG4) -> 100
A6: 1.2.4.1.7.1.3 | B6: [M3] C / F1 / OC / FE / C1 / Hormigón | C6: Avance parcial % | D6: =SUM('Avance Diario'!G7:M7) -> 0 | E6: =SUM('Avance Diario'!N7:T7) -> 0 | F6: =SUM('Avance Diario'!U7:AA7) -> 0 | G6: =SUM('Avance Diario'!AB7:AH7) -> 0 | H6: =SUM('Avance Diario'!AI7:AO7) -> 0 | I6: =SUM('Avance Diario'!AP7:AV7) -> 0 | J6: =SUM('Avance Diario'!AW7:BC7) -> 0 | K6: =SUM('Avance Diario'!BD7:BJ7) -> 0 | L6: =SUM('Avance Diario'!BK7:BQ7) -> 0 | M6: =SUM('Avance Diario'!BR7:BX7) -> 100 | N6: =SUM('Avance Diario'!BY7:CE7) -> 0 | O6: =SUM('Avance Diario'!CF7:CL7) -> 0 | P6: =SUM('Avance Diario'!CM7:CS7) -> 0 | Q6: =SUM('Avance Diario'!CT7:CZ7) -> 0 | R6: =SUM('Avance Diario'!DA7:DG7) -> 0 | S6: =SUM('Avance Diario'!DH7:DN7) -> 0 | T6: =SUM('Avance Diario'!DO7:DU7) -> 0 | U6: =SUM('Avance Diario'!DV7:EB7) -> 0 | V6: =SUM('Avance Diario'!EC7:EI7) -> 0 | W6: =SUM('Avance Diario'!EJ7:EP7) -> 0 | X6: =SUM('Avance Diario'!EQ7:EW7) -> 0 | Y6: =SUM('Avance Diario'!EX7:FD7) -> 0 | Z6: =SUM('Avance Diario'!FE7:FK7) -> 0 | AA6: =SUM('Avance Diario'!FL7:FR7) -> 0 | AB6: =SUM('Avance Diario'!FS7:FY7) -> 0 | AC6: =SUM('Avance Diario'!FZ7:GF7) -> 0 | AD6: =SUM('Avance Diario'!GG7:GM7) -> 0 | AE6: =SUM('Avance Diario'!GN7:GT7) -> 0 | AF6: =SUM('Avance Diario'!GU7:HA7) -> 0 | AG6: =SUM('Avance Diario'!HB7:HE7) -> 0
C7: Avance acumulado % | D7: =SUM($D6:D6) -> 0 | E7: =SUM($D6:E6) -> 0 | F7: =SUM($D6:F6) -> 0 | G7: =SUM($D6:G6) -> 0 | H7: =SUM($D6:H6) -> 0 | I7: =SUM($D6:I6) -> 0 | J7: =SUM($D6:J6) -> 0 | K7: =SUM($D6:K6) -> 0 | ... AG7: =SUM($D6:AG6) -> 100
A8: 1.2.4.1.7.2 | B8: C / F1 / OC / FE / CICLO 02 | C8: Avance parcial % | D8: =SUM('Avance Diario'!G9:M9) -> 0 | E8: =SUM('Avance Diario'!N9:T9) -> 0 | F8: =SUM('Avance Diario'!U9:AA9) -> 0 | G8: =SUM('Avance Diario'!AB9:AH9) -> 0 | H8: =SUM('Avance Diario'!AI9:AO9) -> 0 | I8: =SUM('Avance Diario'!AP9:AV9) -> 0 | J8: =SUM('Avance Diario'!AW9:BC9) -> 0 | K8: =SUM('Avance Diario'!BD9:BJ9) -> 0 | L8: =SUM('Avance Diario'!BK9:BQ9) -> 0 | M8: =SUM('Avance Diario'!BR9:BX9) -> 0 | N8: =SUM('Avance Diario'!BY9:CE9) -> 0 | O8: =SUM('Avance Diario'!CF9:CL9) -> 16.666667 | P8: =SUM('Avance Diario'!CM9:CS9) -> 41.666667 | Q8: =SUM('Avance Diario'!CT9:CZ9) -> 41.666667 | R8: =SUM('Avance Diario'!DA9:DG9) -> 0 | S8: =SUM('Avance Diario'!DH9:DN9) -> 0 | T8: =SUM('Avance Diario'!DO9:DU9) -> 0 | U8: =SUM('Avance Diario'!DV9:EB9) -> 0 | V8: =SUM('Avance Diario'!EC9:EI9) -> 0 | W8: =SUM('Avance Diario'!EJ9:EP9) -> 0 | X8: =SUM('Avance Diario'!EQ9:EW9) -> 0 | Y8: =SUM('Avance Diario'!EX9:FD9) -> 0 | Z8: =SUM('Avance Diario'!FE9:FK9) -> 0 | AA8: =SUM('Avance Diario'!FL9:FR9) -> 0 | AB8: =SUM('Avance Diario'!FS9:FY9) -> 0 | AC8: =SUM('Avance Diario'!FZ9:GF9) -> 0 | AD8: =SUM('Avance Diario'!GG9:GM9) -> 0 | AE8: =SUM('Avance Diario'!GN9:GT9) -> 0 | AF8: =SUM('Avance Diario'!GU9:HA9) -> 0 | AG8: =SUM('Avance Diario'!HB9:HE9) -> 0
C9: Avance acumulado % | D9: =SUM($D8:D8) -> 0 | E9: =SUM($D8:E8) -> 0 | F9: =SUM($D8:F8) -> 0 | G9: =SUM($D8:G8) -> 0 | H9: =SUM($D8:H8) -> 0 | I9: =SUM($D8:I8) -> 0 | J9: =SUM($D8:J8) -> 0 | K9: =SUM($D8:K8) -> 0 | ... AG9: =SUM($D8:AG8) -> 100
A10: 1.2.4.1.7.2.3 | B10: [M3] C / F1 / OC / FE / C2 / Hormigón | C10: Avance parcial % | D10: =SUM('Avance Diario'!G11:M11) -> 0 | E10: =SUM('Avance Diario'!N11:T11) -> 0 | F10: =SUM('Avance Diario'!U11:AA11) -> 0 | G10: =SUM('Avance Diario'!AB11:AH11) -> 0 | H10: =SUM('Avance Diario'!AI11:AO11) -> 0 | I10: =SUM('Avance Diario'!AP11:AV11) -> 0 | J10: =SUM('Avance Diario'!AW11:BC11) -> 0 | K10: =SUM('Avance Diario'!BD11:BJ11) -> 0 | L10: =SUM('Avance Diario'!BK11:BQ11) -> 0 | M10: =SUM('Avance Diario'!BR11:BX11) -> 0 | N10: =SUM('Avance Diario'!BY11:CE11) -> 0 | O10: =SUM('Avance Diario'!CF11:CL11) -> 0 | P10: =SUM('Avance Diario'!CM11:CS11) -> 0 | Q10: =SUM('Avance Diario'!CT11:CZ11) -> 100 | R10: =SUM('Avance Diario'!DA11:DG11) -> 0 | S10: =SUM('Avance Diario'!DH11:DN11) -> 0 | T10: =SUM('Avance Diario'!DO11:DU11) -> 0 | U10: =SUM('Avance Diario'!DV11:EB11) -> 0 | V10: =SUM('Avance Diario'!EC11:EI11) -> 0 | W10: =SUM('Avance Diario'!EJ11:EP11) -> 0 | X10: =SUM('Avance Diario'!EQ11:EW11) -> 0 | Y10: =SUM('Avance Diario'!EX11:FD11) -> 0 | Z10: =SUM('Avance Diario'!FE11:FK11) -> 0 | AA10: =SUM('Avance Diario'!FL11:FR11) -> 0 | AB10: =SUM('Avance Diario'!FS11:FY11) -> 0 | AC10: =SUM('Avance Diario'!FZ11:GF11) -> 0 | AD10: =SUM('Avance Diario'!GG11:GM11) -> 0 | AE10: =SUM('Avance Diario'!GN11:GT11) -> 0 | AF10: =SUM('Avance Diario'!GU11:HA11) -> 0 | AG10: =SUM('Avance Diario'!HB11:HE11) -> 0
C11: Avance acumulado % | D11: =SUM($D10:D10) -> 0 | E11: =SUM($D10:E10) -> 0 | F11: =SUM($D10:F10) -> 0 | G11: =SUM($D10:G10) -> 0 | H11: =SUM($D10:H10) -> 0 | I11: =SUM($D10:I10) -> 0 | J11: =SUM($D10:J10) -> 0 | K11: =SUM($D10:K10) -> 0 | ... AG11: =SUM($D10:AG10) -> 100
A12: 1.2.4.1.7.3 | B12: C / F1 / OC / FE / CICLO 03 | C12: Avance parcial % | D12: =SUM('Avance Diario'!G13:M13) -> 0 | E12: =SUM('Avance Diario'!N13:T13) -> 0 | F12: =SUM('Avance Diario'!U13:AA13) -> 0 | G12: =SUM('Avance Diario'!AB13:AH13) -> 0 | H12: =SUM('Avance Diario'!AI13:AO13) -> 0 | I12: =SUM('Avance Diario'!AP13:AV13) -> 0 | J12: =SUM('Avance Diario'!AW13:BC13) -> 0 | K12: =SUM('Avance Diario'!BD13:BJ13) -> 0 | L12: =SUM('Avance Diario'!BK13:BQ13) -> 0 | M12: =SUM('Avance Diario'!BR13:BX13) -> 0 | N12: =SUM('Avance Diario'!BY13:CE13) -> 0 | O12: =SUM('Avance Diario'!CF13:CL13) -> 0 | P12: =SUM('Avance Diario'!CM13:CS13) -> 8.3333333 | Q12: =SUM('Avance Diario'!CT13:CZ13) -> 41.666667 | R12: =SUM('Avance Diario'!DA13:DG13) -> 41.666667 | S12: =SUM('Avance Diario'!DH13:DN13) -> 8.3333333 | T12: =SUM('Avance Diario'!DO13:DU13) -> 0 | U12: =SUM('Avance Diario'!DV13:EB13) -> 0 | V12: =SUM('Avance Diario'!EC13:EI13) -> 0 | W12: =SUM('Avance Diario'!EJ13:EP13) -> 0 | X12: =SUM('Avance Diario'!EQ13:EW13) -> 0 | Y12: =SUM('Avance Diario'!EX13:FD13) -> 0 | Z12: =SUM('Avance Diario'!FE13:FK13) -> 0 | AA12: =SUM('Avance Diario'!FL13:FR13) -> 0 | AB12: =SUM('Avance Diario'!FS13:FY13) -> 0 | AC12: =SUM('Avance Diario'!FZ13:GF13) -> 0 | AD12: =SUM('Avance Diario'!GG13:GM13) -> 0 | AE12: =SUM('Avance Diario'!GN13:GT13) -> 0 | AF12: =SUM('Avance Diario'!GU13:HA13) -> 0 | AG12: =SUM('Avance Diario'!HB13:HE13) -> 0
C13: Avance acumulado % | D13: =SUM($D12:D12) -> 0 | E13: =SUM($D12:E12) -> 0 | F13: =SUM($D12:F12) -> 0 | G13: =SUM($D12:G12) -> 0 | H13: =SUM($D12:H12) -> 0 | I13: =SUM($D12:I12) -> 0 | J13: =SUM($D12:J12) -> 0 | K13: =SUM($D12:K12) -> 0 | ... AG13: =SUM($D12:AG12) -> 100
A14: 1.2.4.1.7.3.3 | B14: [M3] C / F1 / OC / FE / C3 / Hormigón | C14: Avance parcial % | D14: =SUM('Avance Diario'!G15:M15) -> 0 | E14: =SUM('Avance Diario'!N15:T15) -> 0 | F14: =SUM('Avance Diario'!U15:AA15) -> 0 | G14: =SUM('Avance Diario'!AB15:AH15) -> 0 | H14: =SUM('Avance Diario'!AI15:AO15) -> 0 | I14: =SUM('Avance Diario'!AP15:AV15) -> 0 | J14: =SUM('Avance Diario'!AW15:BC15) -> 0 | K14: =SUM('Avance Diario'!BD15:BJ15) -> 0 | L14: =SUM('Avance Diario'!BK15:BQ15) -> 0 | M14: =SUM('Avance Diario'!BR15:BX15) -> 0 | N14: =SUM('Avance Diario'!BY15:CE15) -> 0 | O14: =SUM('Avance Diario'!CF15:CL15) -> 0 | P14: =SUM('Avance Diario'!CM15:CS15) -> 0 | Q14: =SUM('Avance Diario'!CT15:CZ15) -> 0 | R14: =SUM('Avance Diario'!DA15:DG15) -> 80 | S14: =SUM('Avance Diario'!DH15:DN15) -> 20 | T14: =SUM('Avance Diario'!DO15:DU15) -> 0 | U14: =SUM('Avance Diario'!DV15:EB15) -> 0 | V14: =SUM('Avance Diario'!EC15:EI15) -> 0 | W14: =SUM('Avance Diario'!EJ15:EP15) -> 0 | X14: =SUM('Avance Diario'!EQ15:EW15) -> 0 | Y14: =SUM('Avance Diario'!EX15:FD15) -> 0 | Z14: =SUM('Avance Diario'!FE15:FK15) -> 0 | AA14: =SUM('Avance Diario'!FL15:FR15) -> 0 | AB14: =SUM('Avance Diario'!FS15:FY15) -> 0 | AC14: =SUM('Avance Diario'!FZ15:GF15) -> 0 | AD14: =SUM('Avance Diario'!GG15:GM15) -> 0 | AE14: =SUM('Avance Diario'!GN15:GT15) -> 0 | AF14: =SUM('Avance Diario'!GU15:HA15) -> 0 | AG14: =SUM('Avance Diario'!HB15:HE15) -> 0
C15: Avance acumulado % | D15: =SUM($D14:D14) -> 0 | E15: =SUM($D14:E14) -> 0 | F15: =SUM($D14:F14) -> 0 | G15: =SUM($D14:G14) -> 0 | H15: =SUM($D14:H14) -> 0 | I15: =SUM($D14:I14) -> 0 | J15: =SUM($D14:J14) -> 0 | K15: =SUM($D14:K14) -> 0 | ... AG15: =SUM($D14:AG14) -> 100
A16: 1.2.4.1.8 | B16: C / F1 / OC / ELEV. MUROS Y PILARES ESTANQUE | C16: Avance parcial % | D16: =SUM('Avance Diario'!G17:M17) -> 0 | E16: =SUM('Avance Diario'!N17:T17) -> 0 | F16: =SUM('Avance Diario'!U17:AA17) -> 0 | G16: =SUM('Avance Diario'!AB17:AH17) -> 0 | H16: =SUM('Avance Diario'!AI17:AO17) -> 0 | I16: =SUM('Avance Diario'!AP17:AV17) -> 0 | J16: =SUM('Avance Diario'!AW17:BC17) -> 0 | K16: =SUM('Avance Diario'!BD17:BJ17) -> 0 | L16: =SUM('Avance Diario'!BK17:BQ17) -> 0 | M16: =SUM('Avance Diario'!BR17:BX17) -> 2.7027027 | N16: =SUM('Avance Diario'!BY17:CE17) -> 13.513514 | O16: =SUM('Avance Diario'!CF17:CL17) -> 13.513514 | P16: =SUM('Avance Diario'!CM17:CS17) -> 13.513514 | Q16: =SUM('Avance Diario'!CT17:CZ17) -> 13.513514 | R16: =SUM('Avance Diario'!DA17:DG17) -> 13.513514 | S16: =SUM('Avance Diario'!DH17:DN17) -> 13.513514 | T16: =SUM('Avance Diario'!DO17:DU17) -> 13.513514 | U16: =SUM('Avance Diario'!DV17:EB17) -> 2.7027027 | V16: =SUM('Avance Diario'!EC17:EI17) -> 0 | W16: =SUM('Avance Diario'!EJ17:EP17) -> 0 | X16: =SUM('Avance Diario'!EQ17:EW17) -> 0 | Y16: =SUM('Avance Diario'!EX17:FD17) -> 0 | Z16: =SUM('Avance Diario'!FE17:FK17) -> 0 | AA16: =SUM('Avance Diario'!FL17:FR17) -> 0 | AB16: =SUM('Avance Diario'!FS17:FY17) -> 0 | AC16: =SUM('Avance Diario'!FZ17:GF17) -> 0 | AD16: =SUM('Avance Diario'!GG17:GM17) -> 0 | AE16: =SUM('Avance Diario'!GN17:GT17) -> 0 | AF16: =SUM('Avance Diario'!GU17:HA17) -> 0 | AG16: =SUM('Avance Diario'!HB17:HE17) -> 0
C17: Avance acumulado % | D17: =SUM($D16:D16) -> 0 | E17: =SUM($D16:E16) -> 0 | F17: =SUM($D16:F16) -> 0 | G17: =SUM($D16:G16) -> 0 | H17: =SUM($D16:H16) -> 0 | I17: =SUM($D16:I16) -> 0 | J17: =SUM($D16:J16) -> 0 | K17: =SUM($D16:K16) -> 0 | ... AG17: =SUM($D16:AG16) -> 100
A18: 1.2.4.1.8.1 | B18: C / F1 / OC / Elev / CICLO 01 | C18: Avance parcial % | D18: =SUM('Avance Diario'!G19:M19) -> 0 | E18: =SUM('Avance Diario'!N19:T19) -> 0 | F18: =SUM('Avance Diario'!U19:AA19) -> 0 | G18: =SUM('Avance Diario'!AB19:AH19) -> 0 | H18: =SUM('Avance Diario'!AI19:AO19) -> 0 | I18: =SUM('Avance Diario'!AP19:AV19) -> 0 | J18: =SUM('Avance Diario'!AW19:BC19) -> 0 | K18: =SUM('Avance Diario'!BD19:BJ19) -> 0 | L18: =SUM('Avance Diario'!BK19:BQ19) -> 0 | M18: =SUM('Avance Diario'!BR19:BX19) -> 3.4482759 | N18: =SUM('Avance Diario'!BY19:CE19) -> 17.241379 | O18: =SUM('Avance Diario'!CF19:CL19) -> 17.241379 | P18: =SUM('Avance Diario'!CM19:CS19) -> 17.241379 | Q18: =SUM('Avance Diario'!CT19:CZ19) -> 17.241379 | R18: =SUM('Avance Diario'!DA19:DG19) -> 17.241379 | S18: =SUM('Avance Diario'!DH19:DN19) -> 10.344828 | T18: =SUM('Avance Diario'!DO19:DU19) -> 0 | U18: =SUM('Avance Diario'!DV19:EB19) -> 0 | V18: =SUM('Avance Diario'!EC19:EI19) -> 0 | W18: =SUM('Avance Diario'!EJ19:EP19) -> 0 | X18: =SUM('Avance Diario'!EQ19:EW19) -> 0 | Y18: =SUM('Avance Diario'!EX19:FD19) -> 0 | Z18: =SUM('Avance Diario'!FE19:FK19) -> 0 | AA18: =SUM('Avance Diario'!FL19:FR19) -> 0 | AB18: =SUM('Avance Diario'!FS19:FY19) -> 0 | AC18: =SUM('Avance Diario'!FZ19:GF19) -> 0 | AD18: =SUM('Avance Diario'!GG19:GM19) -> 0 | AE18: =SUM('Avance Diario'!GN19:GT19) -> 0 | AF18: =SUM('Avance Diario'!GU19:HA19) -> 0 | AG18: =SUM('Avance Diario'!HB19:HE19) -> 0
C19: Avance acumulado % | D19: =SUM($D18:D18) -> 0 | E19: =SUM($D18:E18) -> 0 | F19: =SUM($D18:F18) -> 0 | G19: =SUM($D18:G18) -> 0 | H19: =SUM($D18:H18) -> 0 | I19: =SUM($D18:I18) -> 0 | J19: =SUM($D18:J18) -> 0 | K19: =SUM($D18:K18) -> 0 | ... AG19: =SUM($D18:AG18) -> 100
A20: 1.2.4.1.8.1.3 | B20: [M3] C / F1 / OC / Elev / C1 / Hormigón | C20: Avance parcial % | D20: =SUM('Avance Diario'!G21:M21) -> 0 | E20: =SUM('Avance Diario'!N21:T21) -> 0 | F20: =SUM('Avance Diario'!U21:AA21) -> 0 | G20: =SUM('Avance Diario'!AB21:AH21) -> 0 | H20: =SUM('Avance Diario'!AI21:AO21) -> 0 | I20: =SUM('Avance Diario'!AP21:AV21) -> 0 | J20: =SUM('Avance Diario'!AW21:BC21) -> 0 | K20: =SUM('Avance Diario'!BD21:BJ21) -> 0 | L20: =SUM('Avance Diario'!BK21:BQ21) -> 0 | M20: =SUM('Avance Diario'!BR21:BX21) -> 0 | N20: =SUM('Avance Diario'!BY21:CE21) -> 0 | O20: =SUM('Avance Diario'!CF21:CL21) -> 0 | P20: =SUM('Avance Diario'!CM21:CS21) -> 0 | Q20: =SUM('Avance Diario'!CT21:CZ21) -> 0 | R20: =SUM('Avance Diario'!DA21:DG21) -> 0 | S20: =SUM('Avance Diario'!DH21:DN21) -> 100 | T20: =SUM('Avance Diario'!DO21:DU21) -> 0 | U20: =SUM('Avance Diario'!DV21:EB21) -> 0 | V20: =SUM('Avance Diario'!EC21:EI21) -> 0 | W20: =SUM('Avance Diario'!EJ21:EP21) -> 0 | X20: =SUM('Avance Diario'!EQ21:EW21) -> 0 | Y20: =SUM('Avance Diario'!EX21:FD21) -> 0 | Z20: =SUM('Avance Diario'!FE21:FK21) -> 0 | AA20: =SUM('Avance Diario'!FL21:FR21) -> 0 | AB20: =SUM('Avance Diario'!FS21:FY21) -> 0 | AC20: =SUM('Avance Diario'!FZ21:GF21) -> 0 | AD20: =SUM('Avance Diario'!GG21:GM21) -> 0 | AE20: =SUM('Avance Diario'!GN21:GT21) -> 0 | AF20: =SUM('Avance Diario'!GU21:HA21) -> 0 | AG20: =SUM('Avance Diario'!HB21:HE21) -> 0
C21: Avance acumulado % | D21: =SUM($D20:D20) -> 0 | E21: =SUM($D20:E20) -> 0 | F21: =SUM($D20:F20) -> 0 | G21: =SUM($D20:G20) -> 0 | H21: =SUM($D20:H20) -> 0 | I21: =SUM($D20:I20) -> 0 | J21: =SUM($D20:J20) -> 0 | K21: =SUM($D20:K20) -> 0 | ... AG21: =SUM($D20:AG20) -> 100
A22: 1.2.4.1.8.2 | B22: C / F1 / OC / Elev / CICLO 02 | C22: Avance parcial % | D22: =SUM('Avance Diario'!G23:M23) -> 0 | E22: =SUM('Avance Diario'!N23:T23) -> 0 | F22: =SUM('Avance Diario'!U23:AA23) -> 0 | G22: =SUM('Avance Diario'!AB23:AH23) -> 0 | H22: =SUM('Avance Diario'!AI23:AO23) -> 0 | I22: =SUM('Avance Diario'!AP23:AV23) -> 0 | J22: =SUM('Avance Diario'!AW23:BC23) -> 0 | K22: =SUM('Avance Diario'!BD23:BJ23) -> 0 | L22: =SUM('Avance Diario'!BK23:BQ23) -> 0 | M22: =SUM('Avance Diario'!BR23:BX23) -> 0 | N22: =SUM('Avance Diario'!BY23:CE23) -> 0 | O22: =SUM('Avance Diario'!CF23:CL23) -> 0 | P22: =SUM('Avance Diario'!CM23:CS23) -> 0 | Q22: =SUM('Avance Diario'!CT23:CZ23) -> 0 | R22: =SUM('Avance Diario'!DA23:DG23) -> 41.666667 | S22: =SUM('Avance Diario'!DH23:DN23) -> 41.666667 | T22: =SUM('Avance Diario'!DO23:DU23) -> 16.666667 | U22: =SUM('Avance Diario'!DV23:EB23) -> 0 | V22: =SUM('Avance Diario'!EC23:EI23) -> 0 | W22: =SUM('Avance Diario'!EJ23:EP23) -> 0 | X22: =SUM('Avance Diario'!EQ23:EW23) -> 0 | Y22: =SUM('Avance Diario'!EX23:FD23) -> 0 | Z22: =SUM('Avance Diario'!FE23:FK23) -> 0 | AA22: =SUM('Avance Diario'!FL23:FR23) -> 0 | AB22: =SUM('Avance Diario'!FS23:FY23) -> 0 | AC22: =SUM('Avance Diario'!FZ23:GF23) -> 0 | AD22: =SUM('Avance Diario'!GG23:GM23) -> 0 | AE22: =SUM('Avance Diario'!GN23:GT23) -> 0 | AF22: =SUM('Avance Diario'!GU23:HA23) -> 0 | AG22: =SUM('Avance Diario'!HB23:HE23) -> 0
C23: Avance acumulado % | D23: =SUM($D22:D22) -> 0 | E23: =SUM($D22:E22) -> 0 | F23: =SUM($D22:F22) -> 0 | G23: =SUM($D22:G22) -> 0 | H23: =SUM($D22:H22) -> 0 | I23: =SUM($D22:I22) -> 0 | J23: =SUM($D22:J22) -> 0 | K23: =SUM($D22:K22) -> 0 | ... AG23: =SUM($D22:AG22) -> 100
A24: 1.2.4.1.8.2.3 | B24: [M3] C / F1 / OC / Elev / C2 / Hormigón | C24: Avance parcial % | D24: =SUM('Avance Diario'!G25:M25) -> 0 | E24: =SUM('Avance Diario'!N25:T25) -> 0 | F24: =SUM('Avance Diario'!U25:AA25) -> 0 | G24: =SUM('Avance Diario'!AB25:AH25) -> 0 | H24: =SUM('Avance Diario'!AI25:AO25) -> 0 | I24: =SUM('Avance Diario'!AP25:AV25) -> 0 | J24: =SUM('Avance Diario'!AW25:BC25) -> 0 | K24: =SUM('Avance Diario'!BD25:BJ25) -> 0 | L24: =SUM('Avance Diario'!BK25:BQ25) -> 0 | M24: =SUM('Avance Diario'!BR25:BX25) -> 0 | N24: =SUM('Avance Diario'!BY25:CE25) -> 0 | O24: =SUM('Avance Diario'!CF25:CL25) -> 0 | P24: =SUM('Avance Diario'!CM25:CS25) -> 0 | Q24: =SUM('Avance Diario'!CT25:CZ25) -> 0 | R24: =SUM('Avance Diario'!DA25:DG25) -> 0 | S24: =SUM('Avance Diario'!DH25:DN25) -> 0 | T24: =SUM('Avance Diario'!DO25:DU25) -> 100 | U24: =SUM('Avance Diario'!DV25:EB25) -> 0 | V24: =SUM('Avance Diario'!EC25:EI25) -> 0 | W24: =SUM('Avance Diario'!EJ25:EP25) -> 0 | X24: =SUM('Avance Diario'!EQ25:EW25) -> 0 | Y24: =SUM('Avance Diario'!EX25:FD25) -> 0 | Z24: =SUM('Avance Diario'!FE25:FK25) -> 0 | AA24: =SUM('Avance Diario'!FL25:FR25) -> 0 | AB24: =SUM('Avance Diario'!FS25:FY25) -> 0 | AC24: =SUM('Avance Diario'!FZ25:GF25) -> 0 | AD24: =SUM('Avance Diario'!GG25:GM25) -> 0 | AE24: =SUM('Avance Diario'!GN25:GT25) -> 0 | AF24: =SUM('Avance Diario'!GU25:HA25) -> 0 | AG24: =SUM('Avance Diario'!HB25:HE25) -> 0
C25: Avance acumulado % | D25: =SUM($D24:D24) -> 0 | E25: =SUM($D24:E24) -> 0 | F25: =SUM($D24:F24) -> 0 | G25: =SUM($D24:G24) -> 0 | H25: =SUM($D24:H24) -> 0 | I25: =SUM($D24:I24) -> 0 | J25: =SUM($D24:J24) -> 0 | K25: =SUM($D24:K24) -> 0 | ... AG25: =SUM($D24:AG24) -> 100
A26: 1.2.4.1.8.3 | B26: C / F1 / OC / Elev / CICLO 03 | C26: Avance parcial % | D26: =SUM('Avance Diario'!G27:M27) -> 0 | E26: =SUM('Avance Diario'!N27:T27) -> 0 | F26: =SUM('Avance Diario'!U27:AA27) -> 0 | G26: =SUM('Avance Diario'!AB27:AH27) -> 0 | H26: =SUM('Avance Diario'!AI27:AO27) -> 0 | I26: =SUM('Avance Diario'!AP27:AV27) -> 0 | J26: =SUM('Avance Diario'!AW27:BC27) -> 0 | K26: =SUM('Avance Diario'!BD27:BJ27) -> 0 | L26: =SUM('Avance Diario'!BK27:BQ27) -> 0 | M26: =SUM('Avance Diario'!BR27:BX27) -> 0 | N26: =SUM('Avance Diario'!BY27:CE27) -> 0 | O26: =SUM('Avance Diario'!CF27:CL27) -> 0 | P26: =SUM('Avance Diario'!CM27:CS27) -> 0 | Q26: =SUM('Avance Diario'!CT27:CZ27) -> 0 | R26: =SUM('Avance Diario'!DA27:DG27) -> 0 | S26: =SUM('Avance Diario'!DH27:DN27) -> 40 | T26: =SUM('Avance Diario'!DO27:DU27) -> 50 | U26: =SUM('Avance Diario'!DV27:EB27) -> 10 | V26: =SUM('Avance Diario'!EC27:EI27) -> 0 | W26: =SUM('Avance Diario'!EJ27:EP27) -> 0 | X26: =SUM('Avance Diario'!EQ27:EW27) -> 0 | Y26: =SUM('Avance Diario'!EX27:FD27) -> 0 | Z26: =SUM('Avance Diario'!FE27:FK27) -> 0 | AA26: =SUM('Avance Diario'!FL27:FR27) -> 0 | AB26: =SUM('Avance Diario'!FS27:FY27) -> 0 | AC26: =SUM('Avance Diario'!FZ27:GF27) -> 0 | AD26: =SUM('Avance Diario'!GG27:GM27) -> 0 | AE26: =SUM('Avance Diario'!GN27:GT27) -> 0 | AF26: =SUM('Avance Diario'!GU27:HA27) -> 0 | AG26: =SUM('Avance Diario'!HB27:HE27) -> 0
C27: Avance acumulado % | D27: =SUM($D26:D26) -> 0 | E27: =SUM($D26:E26) -> 0 | F27: =SUM($D26:F26) -> 0 | G27: =SUM($D26:G26) -> 0 | H27: =SUM($D26:H26) -> 0 | I27: =SUM($D26:I26) -> 0 | J27: =SUM($D26:J26) -> 0 | K27: =SUM($D26:K26) -> 0 | ... AG27: =SUM($D26:AG26) -> 100
A28: 1.2.4.1.8.3.3 | B28: [M3] C / F1 / OC / Elev / C3 / Hormigón | C28: Avance parcial % | D28: =SUM('Avance Diario'!G29:M29) -> 0 | E28: =SUM('Avance Diario'!N29:T29) -> 0 | F28: =SUM('Avance Diario'!U29:AA29) -> 0 | G28: =SUM('Avance Diario'!AB29:AH29) -> 0 | H28: =SUM('Avance Diario'!AI29:AO29) -> 0 | I28: =SUM('Avance Diario'!AP29:AV29) -> 0 | J28: =SUM('Avance Diario'!AW29:BC29) -> 0 | K28: =SUM('Avance Diario'!BD29:BJ29) -> 0 | L28: =SUM('Avance Diario'!BK29:BQ29) -> 0 | M28: =SUM('Avance Diario'!BR29:BX29) -> 0 | N28: =SUM('Avance Diario'!BY29:CE29) -> 0 | O28: =SUM('Avance Diario'!CF29:CL29) -> 0 | P28: =SUM('Avance Diario'!CM29:CS29) -> 0 | Q28: =SUM('Avance Diario'!CT29:CZ29) -> 0 | R28: =SUM('Avance Diario'!DA29:DG29) -> 0 | S28: =SUM('Avance Diario'!DH29:DN29) -> 0 | T28: =SUM('Avance Diario'!DO29:DU29) -> 50 | U28: =SUM('Avance Diario'!DV29:EB29) -> 50 | V28: =SUM('Avance Diario'!EC29:EI29) -> 0 | W28: =SUM('Avance Diario'!EJ29:EP29) -> 0 | X28: =SUM('Avance Diario'!EQ29:EW29) -> 0 | Y28: =SUM('Avance Diario'!EX29:FD29) -> 0 | Z28: =SUM('Avance Diario'!FE29:FK29) -> 0 | AA28: =SUM('Avance Diario'!FL29:FR29) -> 0 | AB28: =SUM('Avance Diario'!FS29:FY29) -> 0 | AC28: =SUM('Avance Diario'!FZ29:GF29) -> 0 | AD28: =SUM('Avance Diario'!GG29:GM29) -> 0 | AE28: =SUM('Avance Diario'!GN29:GT29) -> 0 | AF28: =SUM('Avance Diario'!GU29:HA29) -> 0 | AG28: =SUM('Avance Diario'!HB29:HE29) -> 0
C29: Avance acumulado % | D29: =SUM($D28:D28) -> 0 | E29: =SUM($D28:E28) -> 0 | F29: =SUM($D28:F28) -> 0 | G29: =SUM($D28:G28) -> 0 | H29: =SUM($D28:H28) -> 0 | I29: =SUM($D28:I28) -> 0 | J29: =SUM($D28:J28) -> 0 | K29: =SUM($D28:K28) -> 0 | ... AG29: =SUM($D28:AG28) -> 100
A30: 1.2.4.1.9 | B30: C / F1 / OC / LOSA SUP. ESTANQUE | C30: Avance parcial % | D30: =SUM('Avance Diario'!G31:M31) -> 0 | E30: =SUM('Avance Diario'!N31:T31) -> 0 | F30: =SUM('Avance Diario'!U31:AA31) -> 0 | G30: =SUM('Avance Diario'!AB31:AH31) -> 0 | H30: =SUM('Avance Diario'!AI31:AO31) -> 0 | I30: =SUM('Avance Diario'!AP31:AV31) -> 0 | J30: =SUM('Avance Diario'!AW31:BC31) -> 0 | K30: =SUM('Avance Diario'!BD31:BJ31) -> 0 | L30: =SUM('Avance Diario'!BK31:BQ31) -> 0 | M30: =SUM('Avance Diario'!BR31:BX31) -> 0 | N30: =SUM('Avance Diario'!BY31:CE31) -> 0 | O30: =SUM('Avance Diario'!CF31:CL31) -> 0 | P30: =SUM('Avance Diario'!CM31:CS31) -> 0 | Q30: =SUM('Avance Diario'!CT31:CZ31) -> 0 | R30: =SUM('Avance Diario'!DA31:DG31) -> 0 | S30: =SUM('Avance Diario'!DH31:DN31) -> 0 | T30: =SUM('Avance Diario'!DO31:DU31) -> 13.636364 | U30: =SUM('Avance Diario'!DV31:EB31) -> 22.727273 | V30: =SUM('Avance Diario'!EC31:EI31) -> 22.727273 | W30: =SUM('Avance Diario'!EJ31:EP31) -> 22.727273 | X30: =SUM('Avance Diario'!EQ31:EW31) -> 18.181818 | Y30: =SUM('Avance Diario'!EX31:FD31) -> 0 | Z30: =SUM('Avance Diario'!FE31:FK31) -> 0 | AA30: =SUM('Avance Diario'!FL31:FR31) -> 0 | AB30: =SUM('Avance Diario'!FS31:FY31) -> 0 | AC30: =SUM('Avance Diario'!FZ31:GF31) -> 0 | AD30: =SUM('Avance Diario'!GG31:GM31) -> 0 | AE30: =SUM('Avance Diario'!GN31:GT31) -> 0 | AF30: =SUM('Avance Diario'!GU31:HA31) -> 0 | AG30: =SUM('Avance Diario'!HB31:HE31) -> 0
C31: Avance acumulado % | D31: =SUM($D30:D30) -> 0 | E31: =SUM($D30:E30) -> 0 | F31: =SUM($D30:F30) -> 0 | G31: =SUM($D30:G30) -> 0 | H31: =SUM($D30:H30) -> 0 | I31: =SUM($D30:I30) -> 0 | J31: =SUM($D30:J30) -> 0 | K31: =SUM($D30:K30) -> 0 | ... AG31: =SUM($D30:AG30) -> 100
A32: 1.2.4.1.9.1 | B32: C / F1 / OC / Losa / CICLO 01 | C32: Avance parcial % | D32: =SUM('Avance Diario'!G33:M33) -> 0 | E32: =SUM('Avance Diario'!N33:T33) -> 0 | F32: =SUM('Avance Diario'!U33:AA33) -> 0 | G32: =SUM('Avance Diario'!AB33:AH33) -> 0 | H32: =SUM('Avance Diario'!AI33:AO33) -> 0 | I32: =SUM('Avance Diario'!AP33:AV33) -> 0 | J32: =SUM('Avance Diario'!AW33:BC33) -> 0 | K32: =SUM('Avance Diario'!BD33:BJ33) -> 0 | L32: =SUM('Avance Diario'!BK33:BQ33) -> 0 | M32: =SUM('Avance Diario'!BR33:BX33) -> 0 | N32: =SUM('Avance Diario'!BY33:CE33) -> 0 | O32: =SUM('Avance Diario'!CF33:CL33) -> 0 | P32: =SUM('Avance Diario'!CM33:CS33) -> 0 | Q32: =SUM('Avance Diario'!CT33:CZ33) -> 0 | R32: =SUM('Avance Diario'!DA33:DG33) -> 0 | S32: =SUM('Avance Diario'!DH33:DN33) -> 0 | T32: =SUM('Avance Diario'!DO33:DU33) -> 30 | U32: =SUM('Avance Diario'!DV33:EB33) -> 50 | V32: =SUM('Avance Diario'!EC33:EI33) -> 20 | W32: =SUM('Avance Diario'!EJ33:EP33) -> 0 | X32: =SUM('Avance Diario'!EQ33:EW33) -> 0 | Y32: =SUM('Avance Diario'!EX33:FD33) -> 0 | Z32: =SUM('Avance Diario'!FE33:FK33) -> 0 | AA32: =SUM('Avance Diario'!FL33:FR33) -> 0 | AB32: =SUM('Avance Diario'!FS33:FY33) -> 0 | AC32: =SUM('Avance Diario'!FZ33:GF33) -> 0 | AD32: =SUM('Avance Diario'!GG33:GM33) -> 0 | AE32: =SUM('Avance Diario'!GN33:GT33) -> 0 | AF32: =SUM('Avance Diario'!GU33:HA33) -> 0 | AG32: =SUM('Avance Diario'!HB33:HE33) -> 0
C33: Avance acumulado % | D33: =SUM($D32:D32) -> 0 | E33: =SUM($D32:E32) -> 0 | F33: =SUM($D32:F32) -> 0 | G33: =SUM($D32:G32) -> 0 | H33: =SUM($D32:H32) -> 0 | I33: =SUM($D32:I32) -> 0 | J33: =SUM($D32:J32) -> 0 | K33: =SUM($D32:K32) -> 0 | ... AG33: =SUM($D32:AG32) -> 100
A34: 1.2.4.1.9.1.3 | B34: [M3] C / F1 / OC / Losa / C1 / Hormigón | C34: Avance parcial % | D34: =SUM('Avance Diario'!G35:M35) -> 0 | E34: =SUM('Avance Diario'!N35:T35) -> 0 | F34: =SUM('Avance Diario'!U35:AA35) -> 0 | G34: =SUM('Avance Diario'!AB35:AH35) -> 0 | H34: =SUM('Avance Diario'!AI35:AO35) -> 0 | I34: =SUM('Avance Diario'!AP35:AV35) -> 0 | J34: =SUM('Avance Diario'!AW35:BC35) -> 0 | K34: =SUM('Avance Diario'!BD35:BJ35) -> 0 | L34: =SUM('Avance Diario'!BK35:BQ35) -> 0 | M34: =SUM('Avance Diario'!BR35:BX35) -> 0 | N34: =SUM('Avance Diario'!BY35:CE35) -> 0 | O34: =SUM('Avance Diario'!CF35:CL35) -> 0 | P34: =SUM('Avance Diario'!CM35:CS35) -> 0 | Q34: =SUM('Avance Diario'!CT35:CZ35) -> 0 | R34: =SUM('Avance Diario'!DA35:DG35) -> 0 | S34: =SUM('Avance Diario'!DH35:DN35) -> 0 | T34: =SUM('Avance Diario'!DO35:DU35) -> 0 | U34: =SUM('Avance Diario'!DV35:EB35) -> 0 | V34: =SUM('Avance Diario'!EC35:EI35) -> 100 | W34: =SUM('Avance Diario'!EJ35:EP35) -> 0 | X34: =SUM('Avance Diario'!EQ35:EW35) -> 0 | Y34: =SUM('Avance Diario'!EX35:FD35) -> 0 | Z34: =SUM('Avance Diario'!FE35:FK35) -> 0 | AA34: =SUM('Avance Diario'!FL35:FR35) -> 0 | AB34: =SUM('Avance Diario'!FS35:FY35) -> 0 | AC34: =SUM('Avance Diario'!FZ35:GF35) -> 0 | AD34: =SUM('Avance Diario'!GG35:GM35) -> 0 | AE34: =SUM('Avance Diario'!GN35:GT35) -> 0 | AF34: =SUM('Avance Diario'!GU35:HA35) -> 0 | AG34: =SUM('Avance Diario'!HB35:HE35) -> 0
C35: Avance acumulado % | D35: =SUM($D34:D34) -> 0 | E35: =SUM($D34:E34) -> 0 | F35: =SUM($D34:F34) -> 0 | G35: =SUM($D34:G34) -> 0 | H35: =SUM($D34:H34) -> 0 | I35: =SUM($D34:I34) -> 0 | J35: =SUM($D34:J34) -> 0 | K35: =SUM($D34:K34) -> 0 | ... AG35: =SUM($D34:AG34) -> 100
A36: 1.2.4.1.9.2 | B36: C / F1 / OC / Losa / CICLO 02 | C36: Avance parcial % | D36: =SUM('Avance Diario'!G37:M37) -> 0 | E36: =SUM('Avance Diario'!N37:T37) -> 0 | F36: =SUM('Avance Diario'!U37:AA37) -> 0 | G36: =SUM('Avance Diario'!AB37:AH37) -> 0 | H36: =SUM('Avance Diario'!AI37:AO37) -> 0 | I36: =SUM('Avance Diario'!AP37:AV37) -> 0 | J36: =SUM('Avance Diario'!AW37:BC37) -> 0 | K36: =SUM('Avance Diario'!BD37:BJ37) -> 0 | L36: =SUM('Avance Diario'!BK37:BQ37) -> 0 | M36: =SUM('Avance Diario'!BR37:BX37) -> 0 | N36: =SUM('Avance Diario'!BY37:CE37) -> 0 | O36: =SUM('Avance Diario'!CF37:CL37) -> 0 | P36: =SUM('Avance Diario'!CM37:CS37) -> 0 | Q36: =SUM('Avance Diario'!CT37:CZ37) -> 0 | R36: =SUM('Avance Diario'!DA37:DG37) -> 0 | S36: =SUM('Avance Diario'!DH37:DN37) -> 0 | T36: =SUM('Avance Diario'!DO37:DU37) -> 0 | U36: =SUM('Avance Diario'!DV37:EB37) -> 25 | V36: =SUM('Avance Diario'!EC37:EI37) -> 41.666667 | W36: =SUM('Avance Diario'!EJ37:EP37) -> 33.333333 | X36: =SUM('Avance Diario'!EQ37:EW37) -> 0 | Y36: =SUM('Avance Diario'!EX37:FD37) -> 0 | Z36: =SUM('Avance Diario'!FE37:FK37) -> 0 | AA36: =SUM('Avance Diario'!FL37:FR37) -> 0 | AB36: =SUM('Avance Diario'!FS37:FY37) -> 0 | AC36: =SUM('Avance Diario'!FZ37:GF37) -> 0 | AD36: =SUM('Avance Diario'!GG37:GM37) -> 0 | AE36: =SUM('Avance Diario'!GN37:GT37) -> 0 | AF36: =SUM('Avance Diario'!GU37:HA37) -> 0 | AG36: =SUM('Avance Diario'!HB37:HE37) -> 0
C37: Avance acumulado % | D37: =SUM($D36:D36) -> 0 | E37: =SUM($D36:E36) -> 0 | F37: =SUM($D36:F36) -> 0 | G37: =SUM($D36:G36) -> 0 | H37: =SUM($D36:H36) -> 0 | I37: =SUM($D36:I36) -> 0 | J37: =SUM($D36:J36) -> 0 | K37: =SUM($D36:K36) -> 0 | ... AG37: =SUM($D36:AG36) -> 100
A38: 1.2.4.1.9.2.3 | B38: [M3] C / F1 / OC / Losa / C2 / Hormigón | C38: Avance parcial % | D38: =SUM('Avance Diario'!G39:M39) -> 0 | E38: =SUM('Avance Diario'!N39:T39) -> 0 | F38: =SUM('Avance Diario'!U39:AA39) -> 0 | G38: =SUM('Avance Diario'!AB39:AH39) -> 0 | H38: =SUM('Avance Diario'!AI39:AO39) -> 0 | I38: =SUM('Avance Diario'!AP39:AV39) -> 0 | J38: =SUM('Avance Diario'!AW39:BC39) -> 0 | K38: =SUM('Avance Diario'!BD39:BJ39) -> 0 | L38: =SUM('Avance Diario'!BK39:BQ39) -> 0 | M38: =SUM('Avance Diario'!BR39:BX39) -> 0 | N38: =SUM('Avance Diario'!BY39:CE39) -> 0 | O38: =SUM('Avance Diario'!CF39:CL39) -> 0 | P38: =SUM('Avance Diario'!CM39:CS39) -> 0 | Q38: =SUM('Avance Diario'!CT39:CZ39) -> 0 | R38: =SUM('Avance Diario'!DA39:DG39) -> 0 | S38: =SUM('Avance Diario'!DH39:DN39) -> 0 | T38: =SUM('Avance Diario'!DO39:DU39) -> 0 | U38: =SUM('Avance Diario'!DV39:EB39) -> 0 | V38: =SUM('Avance Diario'!EC39:EI39) -> 0 | W38: =SUM('Avance Diario'!EJ39:EP39) -> 100 | X38: =SUM('Avance Diario'!EQ39:EW39) -> 0 | Y38: =SUM('Avance Diario'!EX39:FD39) -> 0 | Z38: =SUM('Avance Diario'!FE39:FK39) -> 0 | AA38: =SUM('Avance Diario'!FL39:FR39) -> 0 | AB38: =SUM('Avance Diario'!FS39:FY39) -> 0 | AC38: =SUM('Avance Diario'!FZ39:GF39) -> 0 | AD38: =SUM('Avance Diario'!GG39:GM39) -> 0 | AE38: =SUM('Avance Diario'!GN39:GT39) -> 0 | AF38: =SUM('Avance Diario'!GU39:HA39) -> 0 | AG38: =SUM('Avance Diario'!HB39:HE39) -> 0
C39: Avance acumulado % | D39: =SUM($D38:D38) -> 0 | E39: =SUM($D38:E38) -> 0 | F39: =SUM($D38:F38) -> 0 | G39: =SUM($D38:G38) -> 0 | H39: =SUM($D38:H38) -> 0 | I39: =SUM($D38:I38) -> 0 | J39: =SUM($D38:J38) -> 0 | K39: =SUM($D38:K38) -> 0 | ... AG39: =SUM($D38:AG38) -> 100
A40: 1.2.4.1.9.3 | B40: C / F1 / OC / Losa / CICLO 03 | C40: Avance parcial % | D40: =SUM('Avance Diario'!G41:M41) -> 0 | E40: =SUM('Avance Diario'!N41:T41) -> 0 | F40: =SUM('Avance Diario'!U41:AA41) -> 0 | G40: =SUM('Avance Diario'!AB41:AH41) -> 0 | H40: =SUM('Avance Diario'!AI41:AO41) -> 0 | I40: =SUM('Avance Diario'!AP41:AV41) -> 0 | J40: =SUM('Avance Diario'!AW41:BC41) -> 0 | K40: =SUM('Avance Diario'!BD41:BJ41) -> 0 | L40: =SUM('Avance Diario'!BK41:BQ41) -> 0 | M40: =SUM('Avance Diario'!BR41:BX41) -> 0 | N40: =SUM('Avance Diario'!BY41:CE41) -> 0 | O40: =SUM('Avance Diario'!CF41:CL41) -> 0 | P40: =SUM('Avance Diario'!CM41:CS41) -> 0 | Q40: =SUM('Avance Diario'!CT41:CZ41) -> 0 | R40: =SUM('Avance Diario'!DA41:DG41) -> 0 | S40: =SUM('Avance Diario'!DH41:DN41) -> 0 | T40: =SUM('Avance Diario'!DO41:DU41) -> 0 | U40: =SUM('Avance Diario'!DV41:EB41) -> 0 | V40: =SUM('Avance Diario'!EC41:EI41) -> 25 | W40: =SUM('Avance Diario'!EJ41:EP41) -> 41.666667 | X40: =SUM('Avance Diario'!EQ41:EW41) -> 33.333333 | Y40: =SUM('Avance Diario'!EX41:FD41) -> 0 | Z40: =SUM('Avance Diario'!FE41:FK41) -> 0 | AA40: =SUM('Avance Diario'!FL41:FR41) -> 0 | AB40: =SUM('Avance Diario'!FS41:FY41) -> 0 | AC40: =SUM('Avance Diario'!FZ41:GF41) -> 0 | AD40: =SUM('Avance Diario'!GG41:GM41) -> 0 | AE40: =SUM('Avance Diario'!GN41:GT41) -> 0 | AF40: =SUM('Avance Diario'!GU41:HA41) -> 0 | AG40: =SUM('Avance Diario'!HB41:HE41) -> 0
C41: Avance acumulado % | D41: =SUM($D40:D40) -> 0 | E41: =SUM($D40:E40) -> 0 | F41: =SUM($D40:F40) -> 0 | G41: =SUM($D40:G40) -> 0 | H41: =SUM($D40:H40) -> 0 | I41: =SUM($D40:I40) -> 0 | J41: =SUM($D40:J40) -> 0 | K41: =SUM($D40:K40) -> 0 | ... AG41: =SUM($D40:AG40) -> 100
A42: 1.2.4.1.9.3.3 | B42: [M3] C / F1 / OC / Losa / C3 / Hormigón | C42: Avance parcial % | D42: =SUM('Avance Diario'!G43:M43) -> 0 | E42: =SUM('Avance Diario'!N43:T43) -> 0 | F42: =SUM('Avance Diario'!U43:AA43) -> 0 | G42: =SUM('Avance Diario'!AB43:AH43) -> 0 | H42: =SUM('Avance Diario'!AI43:AO43) -> 0 | I42: =SUM('Avance Diario'!AP43:AV43) -> 0 | J42: =SUM('Avance Diario'!AW43:BC43) -> 0 | K42: =SUM('Avance Diario'!BD43:BJ43) -> 0 | L42: =SUM('Avance Diario'!BK43:BQ43) -> 0 | M42: =SUM('Avance Diario'!BR43:BX43) -> 0 | N42: =SUM('Avance Diario'!BY43:CE43) -> 0 | O42: =SUM('Avance Diario'!CF43:CL43) -> 0 | P42: =SUM('Avance Diario'!CM43:CS43) -> 0 | Q42: =SUM('Avance Diario'!CT43:CZ43) -> 0 | R42: =SUM('Avance Diario'!DA43:DG43) -> 0 | S42: =SUM('Avance Diario'!DH43:DN43) -> 0 | T42: =SUM('Avance Diario'!DO43:DU43) -> 0 | U42: =SUM('Avance Diario'!DV43:EB43) -> 0 | V42: =SUM('Avance Diario'!EC43:EI43) -> 0 | W42: =SUM('Avance Diario'!EJ43:EP43) -> 0 | X42: =SUM('Avance Diario'!EQ43:EW43) -> 100 | Y42: =SUM('Avance Diario'!EX43:FD43) -> 0 | Z42: =SUM('Avance Diario'!FE43:FK43) -> 0 | AA42: =SUM('Avance Diario'!FL43:FR43) -> 0 | AB42: =SUM('Avance Diario'!FS43:FY43) -> 0 | AC42: =SUM('Avance Diario'!FZ43:GF43) -> 0 | AD42: =SUM('Avance Diario'!GG43:GM43) -> 0 | AE42: =SUM('Avance Diario'!GN43:GT43) -> 0 | AF42: =SUM('Avance Diario'!GU43:HA43) -> 0 | AG42: =SUM('Avance Diario'!HB43:HE43) -> 0
C43: Avance acumulado % | D43: =SUM($D42:D42) -> 0 | E43: =SUM($D42:E42) -> 0 | F43: =SUM($D42:F42) -> 0 | G43: =SUM($D42:G42) -> 0 | H43: =SUM($D42:H42) -> 0 | I43: =SUM($D42:I42) -> 0 | J43: =SUM($D42:J42) -> 0 | K43: =SUM($D42:K42) -> 0 | ... AG43: =SUM($D42:AG42) -> 100
A44: 1.2.4.1.10 | B44: C / F1 / OC / RAMPA ACCESO NORTE | C44: Avance parcial % | D44: =SUM('Avance Diario'!G45:M45) -> 0 | E44: =SUM('Avance Diario'!N45:T45) -> 0 | F44: =SUM('Avance Diario'!U45:AA45) -> 0 | G44: =SUM('Avance Diario'!AB45:AH45) -> 0 | H44: =SUM('Avance Diario'!AI45:AO45) -> 0 | I44: =SUM('Avance Diario'!AP45:AV45) -> 0 | J44: =SUM('Avance Diario'!AW45:BC45) -> 0 | K44: =SUM('Avance Diario'!BD45:BJ45) -> 0 | L44: =SUM('Avance Diario'!BK45:BQ45) -> 0 | M44: =SUM('Avance Diario'!BR45:BX45) -> 0 | N44: =SUM('Avance Diario'!BY45:CE45) -> 0 | O44: =SUM('Avance Diario'!CF45:CL45) -> 0 | P44: =SUM('Avance Diario'!CM45:CS45) -> 0 | Q44: =SUM('Avance Diario'!CT45:CZ45) -> 0 | R44: =SUM('Avance Diario'!DA45:DG45) -> 0 | S44: =SUM('Avance Diario'!DH45:DN45) -> 0 | T44: =SUM('Avance Diario'!DO45:DU45) -> 0 | U44: =SUM('Avance Diario'!DV45:EB45) -> 0 | V44: =SUM('Avance Diario'!EC45:EI45) -> 0 | W44: =SUM('Avance Diario'!EJ45:EP45) -> 4.7619048 | X44: =SUM('Avance Diario'!EQ45:EW45) -> 23.809524 | Y44: =SUM('Avance Diario'!EX45:FD45) -> 23.809524 | Z44: =SUM('Avance Diario'!FE45:FK45) -> 23.809524 | AA44: =SUM('Avance Diario'!FL45:FR45) -> 23.809524 | AB44: =SUM('Avance Diario'!FS45:FY45) -> 0 | AC44: =SUM('Avance Diario'!FZ45:GF45) -> 0 | AD44: =SUM('Avance Diario'!GG45:GM45) -> 0 | AE44: =SUM('Avance Diario'!GN45:GT45) -> 0 | AF44: =SUM('Avance Diario'!GU45:HA45) -> 0 | AG44: =SUM('Avance Diario'!HB45:HE45) -> 0
C45: Avance acumulado % | D45: =SUM($D44:D44) -> 0 | E45: =SUM($D44:E44) -> 0 | F45: =SUM($D44:F44) -> 0 | G45: =SUM($D44:G44) -> 0 | H45: =SUM($D44:H44) -> 0 | I45: =SUM($D44:I44) -> 0 | J45: =SUM($D44:J44) -> 0 | K45: =SUM($D44:K44) -> 0 | ... AG45: =SUM($D44:AG44) -> 100
A46: 1.2.4.1.10.3 | B46: [M3] C / F1 / OC / RAN / Hormigón | C46: Avance parcial % | D46: =SUM('Avance Diario'!G47:M47) -> 0 | E46: =SUM('Avance Diario'!N47:T47) -> 0 | F46: =SUM('Avance Diario'!U47:AA47) -> 0 | G46: =SUM('Avance Diario'!AB47:AH47) -> 0 | H46: =SUM('Avance Diario'!AI47:AO47) -> 0 | I46: =SUM('Avance Diario'!AP47:AV47) -> 0 | J46: =SUM('Avance Diario'!AW47:BC47) -> 0 | K46: =SUM('Avance Diario'!BD47:BJ47) -> 0 | L46: =SUM('Avance Diario'!BK47:BQ47) -> 0 | M46: =SUM('Avance Diario'!BR47:BX47) -> 0 | N46: =SUM('Avance Diario'!BY47:CE47) -> 0 | O46: =SUM('Avance Diario'!CF47:CL47) -> 0 | P46: =SUM('Avance Diario'!CM47:CS47) -> 0 | Q46: =SUM('Avance Diario'!CT47:CZ47) -> 0 | R46: =SUM('Avance Diario'!DA47:DG47) -> 0 | S46: =SUM('Avance Diario'!DH47:DN47) -> 0 | T46: =SUM('Avance Diario'!DO47:DU47) -> 0 | U46: =SUM('Avance Diario'!DV47:EB47) -> 0 | V46: =SUM('Avance Diario'!EC47:EI47) -> 0 | W46: =SUM('Avance Diario'!EJ47:EP47) -> 0 | X46: =SUM('Avance Diario'!EQ47:EW47) -> 0 | Y46: =SUM('Avance Diario'!EX47:FD47) -> 0 | Z46: =SUM('Avance Diario'!FE47:FK47) -> 0 | AA46: =SUM('Avance Diario'!FL47:FR47) -> 100 | AB46: =SUM('Avance Diario'!FS47:FY47) -> 0 | AC46: =SUM('Avance Diario'!FZ47:GF47) -> 0 | AD46: =SUM('Avance Diario'!GG47:GM47) -> 0 | AE46: =SUM('Avance Diario'!GN47:GT47) -> 0 | AF46: =SUM('Avance Diario'!GU47:HA47) -> 0 | AG46: =SUM('Avance Diario'!HB47:HE47) -> 0
C47: Avance acumulado % | D47: =SUM($D46:D46) -> 0 | E47: =SUM($D46:E46) -> 0 | F47: =SUM($D46:F46) -> 0 | G47: =SUM($D46:G46) -> 0 | H47: =SUM($D46:H46) -> 0 | I47: =SUM($D46:I46) -> 0 | J47: =SUM($D46:J46) -> 0 | K47: =SUM($D46:K46) -> 0 | ... AG47: =SUM($D46:AG46) -> 100
A48: 1.2.5.1.9 | B48: C / F2 / OC / FUNDACIONES | C48: Avance parcial % | D48: =SUM('Avance Diario'!G49:M49) -> 7.4626866 | E48: =SUM('Avance Diario'!N49:T49) -> 7.4626866 | F48: =SUM('Avance Diario'!U49:AA49) -> 7.4626866 | G48: =SUM('Avance Diario'!AB49:AH49) -> 7.4626866 | H48: =SUM('Avance Diario'!AI49:AO49) -> 7.4626866 | I48: =SUM('Avance Diario'!AP49:AV49) -> 7.4626866 | J48: =SUM('Avance Diario'!AW49:BC49) -> 7.4626866 | K48: =SUM('Avance Diario'!BD49:BJ49) -> 7.4626866 | L48: =SUM('Avance Diario'!BK49:BQ49) -> 7.4626866 | M48: =SUM('Avance Diario'!BR49:BX49) -> 7.4626866 | N48: =SUM('Avance Diario'!BY49:CE49) -> 7.4626866 | O48: =SUM('Avance Diario'!CF49:CL49) -> 7.4626866 | P48: =SUM('Avance Diario'!CM49:CS49) -> 7.4626866 | Q48: =SUM('Avance Diario'!CT49:CZ49) -> 2.9850746 | R48: =SUM('Avance Diario'!DA49:DG49) -> 0 | S48: =SUM('Avance Diario'!DH49:DN49) -> 0 | T48: =SUM('Avance Diario'!DO49:DU49) -> 0 | U48: =SUM('Avance Diario'!DV49:EB49) -> 0 | V48: =SUM('Avance Diario'!EC49:EI49) -> 0 | W48: =SUM('Avance Diario'!EJ49:EP49) -> 0 | X48: =SUM('Avance Diario'!EQ49:EW49) -> 0 | Y48: =SUM('Avance Diario'!EX49:FD49) -> 0 | Z48: =SUM('Avance Diario'!FE49:FK49) -> 0 | AA48: =SUM('Avance Diario'!FL49:FR49) -> 0 | AB48: =SUM('Avance Diario'!FS49:FY49) -> 0 | AC48: =SUM('Avance Diario'!FZ49:GF49) -> 0 | AD48: =SUM('Avance Diario'!GG49:GM49) -> 0 | AE48: =SUM('Avance Diario'!GN49:GT49) -> 0 | AF48: =SUM('Avance Diario'!GU49:HA49) -> 0 | AG48: =SUM('Avance Diario'!HB49:HE49) -> 0
C49: Avance acumulado % | D49: =SUM($D48:D48) -> 7.4626866 | E49: =SUM($D48:E48) -> 14.925373 | F49: =SUM($D48:F48) -> 22.38806 | G49: =SUM($D48:G48) -> 29.850746 | H49: =SUM($D48:H48) -> 37.313433 | I49: =SUM($D48:I48) -> 44.776119 | J49: =SUM($D48:J48) -> 52.238806 | K49: =SUM($D48:K48) -> 59.701493 | ... AG49: =SUM($D48:AG48) -> 100
A50: 1.2.5.1.9.1 | B50: C / F2 / OC / FUND PEAS - PEALL / CICLO 01 | C50: Avance parcial % | D50: =SUM('Avance Diario'!G51:M51) -> 0 | E50: =SUM('Avance Diario'!N51:T51) -> 0 | F50: =SUM('Avance Diario'!U51:AA51) -> 0 | G50: =SUM('Avance Diario'!AB51:AH51) -> 10 | H50: =SUM('Avance Diario'!AI51:AO51) -> 50 | I50: =SUM('Avance Diario'!AP51:AV51) -> 40 | J50: =SUM('Avance Diario'!AW51:BC51) -> 0 | K50: =SUM('Avance Diario'!BD51:BJ51) -> 0 | L50: =SUM('Avance Diario'!BK51:BQ51) -> 0 | M50: =SUM('Avance Diario'!BR51:BX51) -> 0 | N50: =SUM('Avance Diario'!BY51:CE51) -> 0 | O50: =SUM('Avance Diario'!CF51:CL51) -> 0 | P50: =SUM('Avance Diario'!CM51:CS51) -> 0 | Q50: =SUM('Avance Diario'!CT51:CZ51) -> 0 | R50: =SUM('Avance Diario'!DA51:DG51) -> 0 | S50: =SUM('Avance Diario'!DH51:DN51) -> 0 | T50: =SUM('Avance Diario'!DO51:DU51) -> 0 | U50: =SUM('Avance Diario'!DV51:EB51) -> 0 | V50: =SUM('Avance Diario'!EC51:EI51) -> 0 | W50: =SUM('Avance Diario'!EJ51:EP51) -> 0 | X50: =SUM('Avance Diario'!EQ51:EW51) -> 0 | Y50: =SUM('Avance Diario'!EX51:FD51) -> 0 | Z50: =SUM('Avance Diario'!FE51:FK51) -> 0 | AA50: =SUM('Avance Diario'!FL51:FR51) -> 0 | AB50: =SUM('Avance Diario'!FS51:FY51) -> 0 | AC50: =SUM('Avance Diario'!FZ51:GF51) -> 0 | AD50: =SUM('Avance Diario'!GG51:GM51) -> 0 | AE50: =SUM('Avance Diario'!GN51:GT51) -> 0 | AF50: =SUM('Avance Diario'!GU51:HA51) -> 0 | AG50: =SUM('Avance Diario'!HB51:HE51) -> 0
C51: Avance acumulado % | D51: =SUM($D50:D50) -> 0 | E51: =SUM($D50:E50) -> 0 | F51: =SUM($D50:F50) -> 0 | G51: =SUM($D50:G50) -> 10 | H51: =SUM($D50:H50) -> 60 | I51: =SUM($D50:I50) -> 100 | J51: =SUM($D50:J50) -> 100 | K51: =SUM($D50:K50) -> 100 | ... AG51: =SUM($D50:AG50) -> 100
A52: 1.2.5.1.9.1.3 | B52: [M3] C / F2 / OC / FUNDP / C1 / Hormigón | C52: Avance parcial % | D52: =SUM('Avance Diario'!G53:M53) -> 0 | E52: =SUM('Avance Diario'!N53:T53) -> 0 | F52: =SUM('Avance Diario'!U53:AA53) -> 0 | G52: =SUM('Avance Diario'!AB53:AH53) -> 0 | H52: =SUM('Avance Diario'!AI53:AO53) -> 0 | I52: =SUM('Avance Diario'!AP53:AV53) -> 100 | J52: =SUM('Avance Diario'!AW53:BC53) -> 0 | K52: =SUM('Avance Diario'!BD53:BJ53) -> 0 | L52: =SUM('Avance Diario'!BK53:BQ53) -> 0 | M52: =SUM('Avance Diario'!BR53:BX53) -> 0 | N52: =SUM('Avance Diario'!BY53:CE53) -> 0 | O52: =SUM('Avance Diario'!CF53:CL53) -> 0 | P52: =SUM('Avance Diario'!CM53:CS53) -> 0 | Q52: =SUM('Avance Diario'!CT53:CZ53) -> 0 | R52: =SUM('Avance Diario'!DA53:DG53) -> 0 | S52: =SUM('Avance Diario'!DH53:DN53) -> 0 | T52: =SUM('Avance Diario'!DO53:DU53) -> 0 | U52: =SUM('Avance Diario'!DV53:EB53) -> 0 | V52: =SUM('Avance Diario'!EC53:EI53) -> 0 | W52: =SUM('Avance Diario'!EJ53:EP53) -> 0 | X52: =SUM('Avance Diario'!EQ53:EW53) -> 0 | Y52: =SUM('Avance Diario'!EX53:FD53) -> 0 | Z52: =SUM('Avance Diario'!FE53:FK53) -> 0 | AA52: =SUM('Avance Diario'!FL53:FR53) -> 0 | AB52: =SUM('Avance Diario'!FS53:FY53) -> 0 | AC52: =SUM('Avance Diario'!FZ53:GF53) -> 0 | AD52: =SUM('Avance Diario'!GG53:GM53) -> 0 | AE52: =SUM('Avance Diario'!GN53:GT53) -> 0 | AF52: =SUM('Avance Diario'!GU53:HA53) -> 0 | AG52: =SUM('Avance Diario'!HB53:HE53) -> 0
C53: Avance acumulado % | D53: =SUM($D52:D52) -> 0 | E53: =SUM($D52:E52) -> 0 | F53: =SUM($D52:F52) -> 0 | G53: =SUM($D52:G52) -> 0 | H53: =SUM($D52:H52) -> 0 | I53: =SUM($D52:I52) -> 100 | J53: =SUM($D52:J52) -> 100 | K53: =SUM($D52:K52) -> 100 | ... AG53: =SUM($D52:AG52) -> 100
A54: 1.2.5.1.9.2 | B54: C / F2 / OC / FUND PEAS -PEALL / CICLO 02 | C54: Avance parcial % | D54: =SUM('Avance Diario'!G55:M55) -> 0 | E54: =SUM('Avance Diario'!N55:T55) -> 0 | F54: =SUM('Avance Diario'!U55:AA55) -> 0 | G54: =SUM('Avance Diario'!AB55:AH55) -> 0 | H54: =SUM('Avance Diario'!AI55:AO55) -> 0 | I54: =SUM('Avance Diario'!AP55:AV55) -> 0 | J54: =SUM('Avance Diario'!AW55:BC55) -> 0 | K54: =SUM('Avance Diario'!BD55:BJ55) -> 0 | L54: =SUM('Avance Diario'!BK55:BQ55) -> 50 | M54: =SUM('Avance Diario'!BR55:BX55) -> 50 | N54: =SUM('Avance Diario'!BY55:CE55) -> 0 | O54: =SUM('Avance Diario'!CF55:CL55) -> 0 | P54: =SUM('Avance Diario'!CM55:CS55) -> 0 | Q54: =SUM('Avance Diario'!CT55:CZ55) -> 0 | R54: =SUM('Avance Diario'!DA55:DG55) -> 0 | S54: =SUM('Avance Diario'!DH55:DN55) -> 0 | T54: =SUM('Avance Diario'!DO55:DU55) -> 0 | U54: =SUM('Avance Diario'!DV55:EB55) -> 0 | V54: =SUM('Avance Diario'!EC55:EI55) -> 0 | W54: =SUM('Avance Diario'!EJ55:EP55) -> 0 | X54: =SUM('Avance Diario'!EQ55:EW55) -> 0 | Y54: =SUM('Avance Diario'!EX55:FD55) -> 0 | Z54: =SUM('Avance Diario'!FE55:FK55) -> 0 | AA54: =SUM('Avance Diario'!FL55:FR55) -> 0 | AB54: =SUM('Avance Diario'!FS55:FY55) -> 0 | AC54: =SUM('Avance Diario'!FZ55:GF55) -> 0 | AD54: =SUM('Avance Diario'!GG55:GM55) -> 0 | AE54: =SUM('Avance Diario'!GN55:GT55) -> 0 | AF54: =SUM('Avance Diario'!GU55:HA55) -> 0 | AG54: =SUM('Avance Diario'!HB55:HE55) -> 0
C55: Avance acumulado % | D55: =SUM($D54:D54) -> 0 | E55: =SUM($D54:E54) -> 0 | F55: =SUM($D54:F54) -> 0 | G55: =SUM($D54:G54) -> 0 | H55: =SUM($D54:H54) -> 0 | I55: =SUM($D54:I54) -> 0 | J55: =SUM($D54:J54) -> 0 | K55: =SUM($D54:K54) -> 0 | ... AG55: =SUM($D54:AG54) -> 100
A56: 1.2.5.1.9.2.3 | B56: [M3] C / F2 / OC / FUNDP / C2 / Hormigón | C56: Avance parcial % | D56: =SUM('Avance Diario'!G57:M57) -> 0 | E56: =SUM('Avance Diario'!N57:T57) -> 0 | F56: =SUM('Avance Diario'!U57:AA57) -> 0 | G56: =SUM('Avance Diario'!AB57:AH57) -> 0 | H56: =SUM('Avance Diario'!AI57:AO57) -> 0 | I56: =SUM('Avance Diario'!AP57:AV57) -> 0 | J56: =SUM('Avance Diario'!AW57:BC57) -> 0 | K56: =SUM('Avance Diario'!BD57:BJ57) -> 0 | L56: =SUM('Avance Diario'!BK57:BQ57) -> 0 | M56: =SUM('Avance Diario'!BR57:BX57) -> 100 | N56: =SUM('Avance Diario'!BY57:CE57) -> 0 | O56: =SUM('Avance Diario'!CF57:CL57) -> 0 | P56: =SUM('Avance Diario'!CM57:CS57) -> 0 | Q56: =SUM('Avance Diario'!CT57:CZ57) -> 0 | R56: =SUM('Avance Diario'!DA57:DG57) -> 0 | S56: =SUM('Avance Diario'!DH57:DN57) -> 0 | T56: =SUM('Avance Diario'!DO57:DU57) -> 0 | U56: =SUM('Avance Diario'!DV57:EB57) -> 0 | V56: =SUM('Avance Diario'!EC57:EI57) -> 0 | W56: =SUM('Avance Diario'!EJ57:EP57) -> 0 | X56: =SUM('Avance Diario'!EQ57:EW57) -> 0 | Y56: =SUM('Avance Diario'!EX57:FD57) -> 0 | Z56: =SUM('Avance Diario'!FE57:FK57) -> 0 | AA56: =SUM('Avance Diario'!FL57:FR57) -> 0 | AB56: =SUM('Avance Diario'!FS57:FY57) -> 0 | AC56: =SUM('Avance Diario'!FZ57:GF57) -> 0 | AD56: =SUM('Avance Diario'!GG57:GM57) -> 0 | AE56: =SUM('Avance Diario'!GN57:GT57) -> 0 | AF56: =SUM('Avance Diario'!GU57:HA57) -> 0 | AG56: =SUM('Avance Diario'!HB57:HE57) -> 0
C57: Avance acumulado % | D57: =SUM($D56:D56) -> 0 | E57: =SUM($D56:E56) -> 0 | F57: =SUM($D56:F56) -> 0 | G57: =SUM($D56:G56) -> 0 | H57: =SUM($D56:H56) -> 0 | I57: =SUM($D56:I56) -> 0 | J57: =SUM($D56:J56) -> 0 | K57: =SUM($D56:K56) -> 0 | ... AG57: =SUM($D56:AG56) -> 100
A58: 1.2.5.1.9.3 | B58: C / F2 / OC / PEAS - CIG - PEALL / ELEVACIONES Y LOSAS | C58: Avance parcial % | D58: =SUM('Avance Diario'!G59:M59) -> 0 | E58: =SUM('Avance Diario'!N59:T59) -> 0 | F58: =SUM('Avance Diario'!U59:AA59) -> 0 | G58: =SUM('Avance Diario'!AB59:AH59) -> 0 | H58: =SUM('Avance Diario'!AI59:AO59) -> 0 | I58: =SUM('Avance Diario'!AP59:AV59) -> 2.6315789 | J58: =SUM('Avance Diario'!AW59:BC59) -> 13.157895 | K58: =SUM('Avance Diario'!BD59:BJ59) -> 13.157895 | L58: =SUM('Avance Diario'!BK59:BQ59) -> 13.157895 | M58: =SUM('Avance Diario'!BR59:BX59) -> 13.157895 | N58: =SUM('Avance Diario'!BY59:CE59) -> 13.157895 | O58: =SUM('Avance Diario'!CF59:CL59) -> 13.157895 | P58: =SUM('Avance Diario'!CM59:CS59) -> 13.157895 | Q58: =SUM('Avance Diario'!CT59:CZ59) -> 5.2631579 | R58: =SUM('Avance Diario'!DA59:DG59) -> 0 | S58: =SUM('Avance Diario'!DH59:DN59) -> 0 | T58: =SUM('Avance Diario'!DO59:DU59) -> 0 | U58: =SUM('Avance Diario'!DV59:EB59) -> 0 | V58: =SUM('Avance Diario'!EC59:EI59) -> 0 | W58: =SUM('Avance Diario'!EJ59:EP59) -> 0 | X58: =SUM('Avance Diario'!EQ59:EW59) -> 0 | Y58: =SUM('Avance Diario'!EX59:FD59) -> 0 | Z58: =SUM('Avance Diario'!FE59:FK59) -> 0 | AA58: =SUM('Avance Diario'!FL59:FR59) -> 0 | AB58: =SUM('Avance Diario'!FS59:FY59) -> 0 | AC58: =SUM('Avance Diario'!FZ59:GF59) -> 0 | AD58: =SUM('Avance Diario'!GG59:GM59) -> 0 | AE58: =SUM('Avance Diario'!GN59:GT59) -> 0 | AF58: =SUM('Avance Diario'!GU59:HA59) -> 0 | AG58: =SUM('Avance Diario'!HB59:HE59) -> 0
C59: Avance acumulado % | D59: =SUM($D58:D58) -> 0 | E59: =SUM($D58:E58) -> 0 | F59: =SUM($D58:F58) -> 0 | G59: =SUM($D58:G58) -> 0 | H59: =SUM($D58:H58) -> 0 | I59: =SUM($D58:I58) -> 2.6315789 | J59: =SUM($D58:J58) -> 15.789474 | K59: =SUM($D58:K58) -> 28.947368 | ... AG59: =SUM($D58:AG58) -> 100
A60: 1.2.5.1.9.3.1 | B60: C / F2 / OC / PEAS - CIG - PEALL ELEV / CICLO 01 | C60: Avance parcial % | D60: =SUM('Avance Diario'!G61:M61) -> 0 | E60: =SUM('Avance Diario'!N61:T61) -> 0 | F60: =SUM('Avance Diario'!U61:AA61) -> 0 | G60: =SUM('Avance Diario'!AB61:AH61) -> 0 | H60: =SUM('Avance Diario'!AI61:AO61) -> 0 | I60: =SUM('Avance Diario'!AP61:AV61) -> 12.5 | J60: =SUM('Avance Diario'!AW61:BC61) -> 62.5 | K60: =SUM('Avance Diario'!BD61:BJ61) -> 25 | L60: =SUM('Avance Diario'!BK61:BQ61) -> 0 | M60: =SUM('Avance Diario'!BR61:BX61) -> 0 | N60: =SUM('Avance Diario'!BY61:CE61) -> 0 | O60: =SUM('Avance Diario'!CF61:CL61) -> 0 | P60: =SUM('Avance Diario'!CM61:CS61) -> 0 | Q60: =SUM('Avance Diario'!CT61:CZ61) -> 0 | R60: =SUM('Avance Diario'!DA61:DG61) -> 0 | S60: =SUM('Avance Diario'!DH61:DN61) -> 0 | T60: =SUM('Avance Diario'!DO61:DU61) -> 0 | U60: =SUM('Avance Diario'!DV61:EB61) -> 0 | V60: =SUM('Avance Diario'!EC61:EI61) -> 0 | W60: =SUM('Avance Diario'!EJ61:EP61) -> 0 | X60: =SUM('Avance Diario'!EQ61:EW61) -> 0 | Y60: =SUM('Avance Diario'!EX61:FD61) -> 0 | Z60: =SUM('Avance Diario'!FE61:FK61) -> 0 | AA60: =SUM('Avance Diario'!FL61:FR61) -> 0 | AB60: =SUM('Avance Diario'!FS61:FY61) -> 0 | AC60: =SUM('Avance Diario'!FZ61:GF61) -> 0 | AD60: =SUM('Avance Diario'!GG61:GM61) -> 0 | AE60: =SUM('Avance Diario'!GN61:GT61) -> 0 | AF60: =SUM('Avance Diario'!GU61:HA61) -> 0 | AG60: =SUM('Avance Diario'!HB61:HE61) -> 0
C61: Avance acumulado % | D61: =SUM($D60:D60) -> 0 | E61: =SUM($D60:E60) -> 0 | F61: =SUM($D60:F60) -> 0 | G61: =SUM($D60:G60) -> 0 | H61: =SUM($D60:H60) -> 0 | I61: =SUM($D60:I60) -> 12.5 | J61: =SUM($D60:J60) -> 75 | K61: =SUM($D60:K60) -> 100 | ... AG61: =SUM($D60:AG60) -> 100
A62: 1.2.5.1.9.3.1.3 | B62: [M3] C / F2 / OC / PEAS-CIG-Elev / C1 / Hormigón | C62: Avance parcial % | D62: =SUM('Avance Diario'!G63:M63) -> 0 | E62: =SUM('Avance Diario'!N63:T63) -> 0 | F62: =SUM('Avance Diario'!U63:AA63) -> 0 | G62: =SUM('Avance Diario'!AB63:AH63) -> 0 | H62: =SUM('Avance Diario'!AI63:AO63) -> 0 | I62: =SUM('Avance Diario'!AP63:AV63) -> 0 | J62: =SUM('Avance Diario'!AW63:BC63) -> 33.333333 | K62: =SUM('Avance Diario'!BD63:BJ63) -> 66.666667 | L62: =SUM('Avance Diario'!BK63:BQ63) -> 0 | M62: =SUM('Avance Diario'!BR63:BX63) -> 0 | N62: =SUM('Avance Diario'!BY63:CE63) -> 0 | O62: =SUM('Avance Diario'!CF63:CL63) -> 0 | P62: =SUM('Avance Diario'!CM63:CS63) -> 0 | Q62: =SUM('Avance Diario'!CT63:CZ63) -> 0 | R62: =SUM('Avance Diario'!DA63:DG63) -> 0 | S62: =SUM('Avance Diario'!DH63:DN63) -> 0 | T62: =SUM('Avance Diario'!DO63:DU63) -> 0 | U62: =SUM('Avance Diario'!DV63:EB63) -> 0 | V62: =SUM('Avance Diario'!EC63:EI63) -> 0 | W62: =SUM('Avance Diario'!EJ63:EP63) -> 0 | X62: =SUM('Avance Diario'!EQ63:EW63) -> 0 | Y62: =SUM('Avance Diario'!EX63:FD63) -> 0 | Z62: =SUM('Avance Diario'!FE63:FK63) -> 0 | AA62: =SUM('Avance Diario'!FL63:FR63) -> 0 | AB62: =SUM('Avance Diario'!FS63:FY63) -> 0 | AC62: =SUM('Avance Diario'!FZ63:GF63) -> 0 | AD62: =SUM('Avance Diario'!GG63:GM63) -> 0 | AE62: =SUM('Avance Diario'!GN63:GT63) -> 0 | AF62: =SUM('Avance Diario'!GU63:HA63) -> 0 | AG62: =SUM('Avance Diario'!HB63:HE63) -> 0
C63: Avance acumulado % | D63: =SUM($D62:D62) -> 0 | E63: =SUM($D62:E62) -> 0 | F63: =SUM($D62:F62) -> 0 | G63: =SUM($D62:G62) -> 0 | H63: =SUM($D62:H62) -> 0 | I63: =SUM($D62:I62) -> 0 | J63: =SUM($D62:J62) -> 33.333333 | K63: =SUM($D62:K62) -> 100 | ... AG63: =SUM($D62:AG62) -> 100
A64: 1.2.5.1.9.3.1.6 | B64: [M3] C / F2 / OC / PEALL-Elev / C1 / Hormigón | C64: Avance parcial % | D64: =SUM('Avance Diario'!G65:M65) -> 0 | E64: =SUM('Avance Diario'!N65:T65) -> 0 | F64: =SUM('Avance Diario'!U65:AA65) -> 0 | G64: =SUM('Avance Diario'!AB65:AH65) -> 0 | H64: =SUM('Avance Diario'!AI65:AO65) -> 0 | I64: =SUM('Avance Diario'!AP65:AV65) -> 0 | J64: =SUM('Avance Diario'!AW65:BC65) -> 33.333333 | K64: =SUM('Avance Diario'!BD65:BJ65) -> 66.666667 | L64: =SUM('Avance Diario'!BK65:BQ65) -> 0 | M64: =SUM('Avance Diario'!BR65:BX65) -> 0 | N64: =SUM('Avance Diario'!BY65:CE65) -> 0 | O64: =SUM('Avance Diario'!CF65:CL65) -> 0 | P64: =SUM('Avance Diario'!CM65:CS65) -> 0 | Q64: =SUM('Avance Diario'!CT65:CZ65) -> 0 | R64: =SUM('Avance Diario'!DA65:DG65) -> 0 | S64: =SUM('Avance Diario'!DH65:DN65) -> 0 | T64: =SUM('Avance Diario'!DO65:DU65) -> 0 | U64: =SUM('Avance Diario'!DV65:EB65) -> 0 | V64: =SUM('Avance Diario'!EC65:EI65) -> 0 | W64: =SUM('Avance Diario'!EJ65:EP65) -> 0 | X64: =SUM('Avance Diario'!EQ65:EW65) -> 0 | Y64: =SUM('Avance Diario'!EX65:FD65) -> 0 | Z64: =SUM('Avance Diario'!FE65:FK65) -> 0 | AA64: =SUM('Avance Diario'!FL65:FR65) -> 0 | AB64: =SUM('Avance Diario'!FS65:FY65) -> 0 | AC64: =SUM('Avance Diario'!FZ65:GF65) -> 0 | AD64: =SUM('Avance Diario'!GG65:GM65) -> 0 | AE64: =SUM('Avance Diario'!GN65:GT65) -> 0 | AF64: =SUM('Avance Diario'!GU65:HA65) -> 0 | AG64: =SUM('Avance Diario'!HB65:HE65) -> 0
C65: Avance acumulado % | D65: =SUM($D64:D64) -> 0 | E65: =SUM($D64:E64) -> 0 | F65: =SUM($D64:F64) -> 0 | G65: =SUM($D64:G64) -> 0 | H65: =SUM($D64:H64) -> 0 | I65: =SUM($D64:I64) -> 0 | J65: =SUM($D64:J64) -> 33.333333 | K65: =SUM($D64:K64) -> 100 | ... AG65: =SUM($D64:AG64) -> 100
A66: 1.2.5.1.9.3.2 | B66: C / F2 / OC / PEAS - CIG - PEALL Losa / CICLO 01 | C66: Avance parcial % | D66: =SUM('Avance Diario'!G67:M67) -> 0 | E66: =SUM('Avance Diario'!N67:T67) -> 0 | F66: =SUM('Avance Diario'!U67:AA67) -> 0 | G66: =SUM('Avance Diario'!AB67:AH67) -> 0 | H66: =SUM('Avance Diario'!AI67:AO67) -> 0 | I66: =SUM('Avance Diario'!AP67:AV67) -> 0 | J66: =SUM('Avance Diario'!AW67:BC67) -> 0 | K66: =SUM('Avance Diario'!BD67:BJ67) -> 33.333333 | L66: =SUM('Avance Diario'!BK67:BQ67) -> 55.555556 | M66: =SUM('Avance Diario'!BR67:BX67) -> 11.111111 | N66: =SUM('Avance Diario'!BY67:CE67) -> 0 | O66: =SUM('Avance Diario'!CF67:CL67) -> 0 | P66: =SUM('Avance Diario'!CM67:CS67) -> 0 | Q66: =SUM('Avance Diario'!CT67:CZ67) -> 0 | R66: =SUM('Avance Diario'!DA67:DG67) -> 0 | S66: =SUM('Avance Diario'!DH67:DN67) -> 0 | T66: =SUM('Avance Diario'!DO67:DU67) -> 0 | U66: =SUM('Avance Diario'!DV67:EB67) -> 0 | V66: =SUM('Avance Diario'!EC67:EI67) -> 0 | W66: =SUM('Avance Diario'!EJ67:EP67) -> 0 | X66: =SUM('Avance Diario'!EQ67:EW67) -> 0 | Y66: =SUM('Avance Diario'!EX67:FD67) -> 0 | Z66: =SUM('Avance Diario'!FE67:FK67) -> 0 | AA66: =SUM('Avance Diario'!FL67:FR67) -> 0 | AB66: =SUM('Avance Diario'!FS67:FY67) -> 0 | AC66: =SUM('Avance Diario'!FZ67:GF67) -> 0 | AD66: =SUM('Avance Diario'!GG67:GM67) -> 0 | AE66: =SUM('Avance Diario'!GN67:GT67) -> 0 | AF66: =SUM('Avance Diario'!GU67:HA67) -> 0 | AG66: =SUM('Avance Diario'!HB67:HE67) -> 0
C67: Avance acumulado % | D67: =SUM($D66:D66) -> 0 | E67: =SUM($D66:E66) -> 0 | F67: =SUM($D66:F66) -> 0 | G67: =SUM($D66:G66) -> 0 | H67: =SUM($D66:H66) -> 0 | I67: =SUM($D66:I66) -> 0 | J67: =SUM($D66:J66) -> 0 | K67: =SUM($D66:K66) -> 33.333333 | ... AG67: =SUM($D66:AG66) -> 100
A68: 1.2.5.1.9.3.2.3 | B68: [M3] C / F2 / OC / PEAS-CIG-Losa / C1 / Hormigón | C68: Avance parcial % | D68: =SUM('Avance Diario'!G69:M69) -> 0 | E68: =SUM('Avance Diario'!N69:T69) -> 0 | F68: =SUM('Avance Diario'!U69:AA69) -> 0 | G68: =SUM('Avance Diario'!AB69:AH69) -> 0 | H68: =SUM('Avance Diario'!AI69:AO69) -> 0 | I68: =SUM('Avance Diario'!AP69:AV69) -> 0 | J68: =SUM('Avance Diario'!AW69:BC69) -> 0 | K68: =SUM('Avance Diario'!BD69:BJ69) -> 0 | L68: =SUM('Avance Diario'!BK69:BQ69) -> 66.666667 | M68: =SUM('Avance Diario'!BR69:BX69) -> 33.333333 | N68: =SUM('Avance Diario'!BY69:CE69) -> 0 | O68: =SUM('Avance Diario'!CF69:CL69) -> 0 | P68: =SUM('Avance Diario'!CM69:CS69) -> 0 | Q68: =SUM('Avance Diario'!CT69:CZ69) -> 0 | R68: =SUM('Avance Diario'!DA69:DG69) -> 0 | S68: =SUM('Avance Diario'!DH69:DN69) -> 0 | T68: =SUM('Avance Diario'!DO69:DU69) -> 0 | U68: =SUM('Avance Diario'!DV69:EB69) -> 0 | V68: =SUM('Avance Diario'!EC69:EI69) -> 0 | W68: =SUM('Avance Diario'!EJ69:EP69) -> 0 | X68: =SUM('Avance Diario'!EQ69:EW69) -> 0 | Y68: =SUM('Avance Diario'!EX69:FD69) -> 0 | Z68: =SUM('Avance Diario'!FE69:FK69) -> 0 | AA68: =SUM('Avance Diario'!FL69:FR69) -> 0 | AB68: =SUM('Avance Diario'!FS69:FY69) -> 0 | AC68: =SUM('Avance Diario'!FZ69:GF69) -> 0 | AD68: =SUM('Avance Diario'!GG69:GM69) -> 0 | AE68: =SUM('Avance Diario'!GN69:GT69) -> 0 | AF68: =SUM('Avance Diario'!GU69:HA69) -> 0 | AG68: =SUM('Avance Diario'!HB69:HE69) -> 0
C69: Avance acumulado % | D69: =SUM($D68:D68) -> 0 | E69: =SUM($D68:E68) -> 0 | F69: =SUM($D68:F68) -> 0 | G69: =SUM($D68:G68) -> 0 | H69: =SUM($D68:H68) -> 0 | I69: =SUM($D68:I68) -> 0 | J69: =SUM($D68:J68) -> 0 | K69: =SUM($D68:K68) -> 0 | ... AG69: =SUM($D68:AG68) -> 100
A70: 1.2.5.1.9.3.2.6 | B70: [M3] C / F2 / OC / PEALL-Losa / C1 / Hormigón | C70: Avance parcial % | D70: =SUM('Avance Diario'!G71:M71) -> 0 | E70: =SUM('Avance Diario'!N71:T71) -> 0 | F70: =SUM('Avance Diario'!U71:AA71) -> 0 | G70: =SUM('Avance Diario'!AB71:AH71) -> 0 | H70: =SUM('Avance Diario'!AI71:AO71) -> 0 | I70: =SUM('Avance Diario'!AP71:AV71) -> 0 | J70: =SUM('Avance Diario'!AW71:BC71) -> 0 | K70: =SUM('Avance Diario'!BD71:BJ71) -> 0 | L70: =SUM('Avance Diario'!BK71:BQ71) -> 66.666667 | M70: =SUM('Avance Diario'!BR71:BX71) -> 33.333333 | N70: =SUM('Avance Diario'!BY71:CE71) -> 0 | O70: =SUM('Avance Diario'!CF71:CL71) -> 0 | P70: =SUM('Avance Diario'!CM71:CS71) -> 0 | Q70: =SUM('Avance Diario'!CT71:CZ71) -> 0 | R70: =SUM('Avance Diario'!DA71:DG71) -> 0 | S70: =SUM('Avance Diario'!DH71:DN71) -> 0 | T70: =SUM('Avance Diario'!DO71:DU71) -> 0 | U70: =SUM('Avance Diario'!DV71:EB71) -> 0 | V70: =SUM('Avance Diario'!EC71:EI71) -> 0 | W70: =SUM('Avance Diario'!EJ71:EP71) -> 0 | X70: =SUM('Avance Diario'!EQ71:EW71) -> 0 | Y70: =SUM('Avance Diario'!EX71:FD71) -> 0 | Z70: =SUM('Avance Diario'!FE71:FK71) -> 0 | AA70: =SUM('Avance Diario'!FL71:FR71) -> 0 | AB70: =SUM('Avance Diario'!FS71:FY71) -> 0 | AC70: =SUM('Avance Diario'!FZ71:GF71) -> 0 | AD70: =SUM('Avance Diario'!GG71:GM71) -> 0 | AE70: =SUM('Avance Diario'!GN71:GT71) -> 0 | AF70: =SUM('Avance Diario'!GU71:HA71) -> 0 | AG70: =SUM('Avance Diario'!HB71:HE71) -> 0
C71: Avance acumulado % | D71: =SUM($D70:D70) -> 0 | E71: =SUM($D70:E70) -> 0 | F71: =SUM($D70:F70) -> 0 | G71: =SUM($D70:G70) -> 0 | H71: =SUM($D70:H70) -> 0 | I71: =SUM($D70:I70) -> 0 | J71: =SUM($D70:J70) -> 0 | K71: =SUM($D70:K70) -> 0 | ... AG71: =SUM($D70:AG70) -> 100
A72: 1.2.5.1.9.3.3 | B72: C / OC / F2 / PEAS - CIG - PEALL - ELEV / CICLO 02 | C72: Avance parcial % | D72: =SUM('Avance Diario'!G73:M73) -> 0 | E72: =SUM('Avance Diario'!N73:T73) -> 0 | F72: =SUM('Avance Diario'!U73:AA73) -> 0 | G72: =SUM('Avance Diario'!AB73:AH73) -> 0 | H72: =SUM('Avance Diario'!AI73:AO73) -> 0 | I72: =SUM('Avance Diario'!AP73:AV73) -> 0 | J72: =SUM('Avance Diario'!AW73:BC73) -> 0 | K72: =SUM('Avance Diario'!BD73:BJ73) -> 0 | L72: =SUM('Avance Diario'!BK73:BQ73) -> 0 | M72: =SUM('Avance Diario'!BR73:BX73) -> 36.363636 | N72: =SUM('Avance Diario'!BY73:CE73) -> 45.454545 | O72: =SUM('Avance Diario'!CF73:CL73) -> 18.181818 | P72: =SUM('Avance Diario'!CM73:CS73) -> 0 | Q72: =SUM('Avance Diario'!CT73:CZ73) -> 0 | R72: =SUM('Avance Diario'!DA73:DG73) -> 0 | S72: =SUM('Avance Diario'!DH73:DN73) -> 0 | T72: =SUM('Avance Diario'!DO73:DU73) -> 0 | U72: =SUM('Avance Diario'!DV73:EB73) -> 0 | V72: =SUM('Avance Diario'!EC73:EI73) -> 0 | W72: =SUM('Avance Diario'!EJ73:EP73) -> 0 | X72: =SUM('Avance Diario'!EQ73:EW73) -> 0 | Y72: =SUM('Avance Diario'!EX73:FD73) -> 0 | Z72: =SUM('Avance Diario'!FE73:FK73) -> 0 | AA72: =SUM('Avance Diario'!FL73:FR73) -> 0 | AB72: =SUM('Avance Diario'!FS73:FY73) -> 0 | AC72: =SUM('Avance Diario'!FZ73:GF73) -> 0 | AD72: =SUM('Avance Diario'!GG73:GM73) -> 0 | AE72: =SUM('Avance Diario'!GN73:GT73) -> 0 | AF72: =SUM('Avance Diario'!GU73:HA73) -> 0 | AG72: =SUM('Avance Diario'!HB73:HE73) -> 0
C73: Avance acumulado % | D73: =SUM($D72:D72) -> 0 | E73: =SUM($D72:E72) -> 0 | F73: =SUM($D72:F72) -> 0 | G73: =SUM($D72:G72) -> 0 | H73: =SUM($D72:H72) -> 0 | I73: =SUM($D72:I72) -> 0 | J73: =SUM($D72:J72) -> 0 | K73: =SUM($D72:K72) -> 0 | ... AG73: =SUM($D72:AG72) -> 100
A74: 1.2.5.1.9.3.3.3 | B74: [M3] C / F2 / OC / PEAS-CIG-Elev / C2 / Hormigón | C74: Avance parcial % | D74: =SUM('Avance Diario'!G75:M75) -> 0 | E74: =SUM('Avance Diario'!N75:T75) -> 0 | F74: =SUM('Avance Diario'!U75:AA75) -> 0 | G74: =SUM('Avance Diario'!AB75:AH75) -> 0 | H74: =SUM('Avance Diario'!AI75:AO75) -> 0 | I74: =SUM('Avance Diario'!AP75:AV75) -> 0 | J74: =SUM('Avance Diario'!AW75:BC75) -> 0 | K74: =SUM('Avance Diario'!BD75:BJ75) -> 0 | L74: =SUM('Avance Diario'!BK75:BQ75) -> 0 | M74: =SUM('Avance Diario'!BR75:BX75) -> 0 | N74: =SUM('Avance Diario'!BY75:CE75) -> 33.333333 | O74: =SUM('Avance Diario'!CF75:CL75) -> 66.666667 | P74: =SUM('Avance Diario'!CM75:CS75) -> 0 | Q74: =SUM('Avance Diario'!CT75:CZ75) -> 0 | R74: =SUM('Avance Diario'!DA75:DG75) -> 0 | S74: =SUM('Avance Diario'!DH75:DN75) -> 0 | T74: =SUM('Avance Diario'!DO75:DU75) -> 0 | U74: =SUM('Avance Diario'!DV75:EB75) -> 0 | V74: =SUM('Avance Diario'!EC75:EI75) -> 0 | W74: =SUM('Avance Diario'!EJ75:EP75) -> 0 | X74: =SUM('Avance Diario'!EQ75:EW75) -> 0 | Y74: =SUM('Avance Diario'!EX75:FD75) -> 0 | Z74: =SUM('Avance Diario'!FE75:FK75) -> 0 | AA74: =SUM('Avance Diario'!FL75:FR75) -> 0 | AB74: =SUM('Avance Diario'!FS75:FY75) -> 0 | AC74: =SUM('Avance Diario'!FZ75:GF75) -> 0 | AD74: =SUM('Avance Diario'!GG75:GM75) -> 0 | AE74: =SUM('Avance Diario'!GN75:GT75) -> 0 | AF74: =SUM('Avance Diario'!GU75:HA75) -> 0 | AG74: =SUM('Avance Diario'!HB75:HE75) -> 0
C75: Avance acumulado % | D75: =SUM($D74:D74) -> 0 | E75: =SUM($D74:E74) -> 0 | F75: =SUM($D74:F74) -> 0 | G75: =SUM($D74:G74) -> 0 | H75: =SUM($D74:H74) -> 0 | I75: =SUM($D74:I74) -> 0 | J75: =SUM($D74:J74) -> 0 | K75: =SUM($D74:K74) -> 0 | ... AG75: =SUM($D74:AG74) -> 100
A76: 1.2.5.1.9.3.3.6 | B76: [M3] C / F2 / OC / PEALL-Elev / C2 / Hormigón | C76: Avance parcial % | D76: =SUM('Avance Diario'!G77:M77) -> 0 | E76: =SUM('Avance Diario'!N77:T77) -> 0 | F76: =SUM('Avance Diario'!U77:AA77) -> 0 | G76: =SUM('Avance Diario'!AB77:AH77) -> 0 | H76: =SUM('Avance Diario'!AI77:AO77) -> 0 | I76: =SUM('Avance Diario'!AP77:AV77) -> 0 | J76: =SUM('Avance Diario'!AW77:BC77) -> 0 | K76: =SUM('Avance Diario'!BD77:BJ77) -> 0 | L76: =SUM('Avance Diario'!BK77:BQ77) -> 0 | M76: =SUM('Avance Diario'!BR77:BX77) -> 0 | N76: =SUM('Avance Diario'!BY77:CE77) -> 100 | O76: =SUM('Avance Diario'!CF77:CL77) -> 0 | P76: =SUM('Avance Diario'!CM77:CS77) -> 0 | Q76: =SUM('Avance Diario'!CT77:CZ77) -> 0 | R76: =SUM('Avance Diario'!DA77:DG77) -> 0 | S76: =SUM('Avance Diario'!DH77:DN77) -> 0 | T76: =SUM('Avance Diario'!DO77:DU77) -> 0 | U76: =SUM('Avance Diario'!DV77:EB77) -> 0 | V76: =SUM('Avance Diario'!EC77:EI77) -> 0 | W76: =SUM('Avance Diario'!EJ77:EP77) -> 0 | X76: =SUM('Avance Diario'!EQ77:EW77) -> 0 | Y76: =SUM('Avance Diario'!EX77:FD77) -> 0 | Z76: =SUM('Avance Diario'!FE77:FK77) -> 0 | AA76: =SUM('Avance Diario'!FL77:FR77) -> 0 | AB76: =SUM('Avance Diario'!FS77:FY77) -> 0 | AC76: =SUM('Avance Diario'!FZ77:GF77) -> 0 | AD76: =SUM('Avance Diario'!GG77:GM77) -> 0 | AE76: =SUM('Avance Diario'!GN77:GT77) -> 0 | AF76: =SUM('Avance Diario'!GU77:HA77) -> 0 | AG76: =SUM('Avance Diario'!HB77:HE77) -> 0
C77: Avance acumulado % | D77: =SUM($D76:D76) -> 0 | E77: =SUM($D76:E76) -> 0 | F77: =SUM($D76:F76) -> 0 | G77: =SUM($D76:G76) -> 0 | H77: =SUM($D76:H76) -> 0 | I77: =SUM($D76:I76) -> 0 | J77: =SUM($D76:J76) -> 0 | K77: =SUM($D76:K76) -> 0 | ... AG77: =SUM($D76:AG76) -> 100
A78: 1.2.5.1.9.3.4 | B78: C / OC / F2 / PEAS - CIG - PEALL ELEV Losa / CICLO 02 | C78: Avance parcial % | D78: =SUM('Avance Diario'!G79:M79) -> 0 | E78: =SUM('Avance Diario'!N79:T79) -> 0 | F78: =SUM('Avance Diario'!U79:AA79) -> 0 | G78: =SUM('Avance Diario'!AB79:AH79) -> 0 | H78: =SUM('Avance Diario'!AI79:AO79) -> 0 | I78: =SUM('Avance Diario'!AP79:AV79) -> 0 | J78: =SUM('Avance Diario'!AW79:BC79) -> 0 | K78: =SUM('Avance Diario'!BD79:BJ79) -> 0 | L78: =SUM('Avance Diario'!BK79:BQ79) -> 0 | M78: =SUM('Avance Diario'!BR79:BX79) -> 0 | N78: =SUM('Avance Diario'!BY79:CE79) -> 0 | O78: =SUM('Avance Diario'!CF79:CL79) -> 41.666667 | P78: =SUM('Avance Diario'!CM79:CS79) -> 41.666667 | Q78: =SUM('Avance Diario'!CT79:CZ79) -> 16.666667 | R78: =SUM('Avance Diario'!DA79:DG79) -> 0 | S78: =SUM('Avance Diario'!DH79:DN79) -> 0 | T78: =SUM('Avance Diario'!DO79:DU79) -> 0 | U78: =SUM('Avance Diario'!DV79:EB79) -> 0 | V78: =SUM('Avance Diario'!EC79:EI79) -> 0 | W78: =SUM('Avance Diario'!EJ79:EP79) -> 0 | X78: =SUM('Avance Diario'!EQ79:EW79) -> 0 | Y78: =SUM('Avance Diario'!EX79:FD79) -> 0 | Z78: =SUM('Avance Diario'!FE79:FK79) -> 0 | AA78: =SUM('Avance Diario'!FL79:FR79) -> 0 | AB78: =SUM('Avance Diario'!FS79:FY79) -> 0 | AC78: =SUM('Avance Diario'!FZ79:GF79) -> 0 | AD78: =SUM('Avance Diario'!GG79:GM79) -> 0 | AE78: =SUM('Avance Diario'!GN79:GT79) -> 0 | AF78: =SUM('Avance Diario'!GU79:HA79) -> 0 | AG78: =SUM('Avance Diario'!HB79:HE79) -> 0
C79: Avance acumulado % | D79: =SUM($D78:D78) -> 0 | E79: =SUM($D78:E78) -> 0 | F79: =SUM($D78:F78) -> 0 | G79: =SUM($D78:G78) -> 0 | H79: =SUM($D78:H78) -> 0 | I79: =SUM($D78:I78) -> 0 | J79: =SUM($D78:J78) -> 0 | K79: =SUM($D78:K78) -> 0 | ... AG79: =SUM($D78:AG78) -> 100
A80: 1.2.5.1.9.3.4.3 | B80: [M3] C / F2 / OC / PEAS-CIG-PEALL-Losa / C2 / Hormigón | C80: Avance parcial % | D80: =SUM('Avance Diario'!G81:M81) -> 0 | E80: =SUM('Avance Diario'!N81:T81) -> 0 | F80: =SUM('Avance Diario'!U81:AA81) -> 0 | G80: =SUM('Avance Diario'!AB81:AH81) -> 0 | H80: =SUM('Avance Diario'!AI81:AO81) -> 0 | I80: =SUM('Avance Diario'!AP81:AV81) -> 0 | J80: =SUM('Avance Diario'!AW81:BC81) -> 0 | K80: =SUM('Avance Diario'!BD81:BJ81) -> 0 | L80: =SUM('Avance Diario'!BK81:BQ81) -> 0 | M80: =SUM('Avance Diario'!BR81:BX81) -> 0 | N80: =SUM('Avance Diario'!BY81:CE81) -> 0 | O80: =SUM('Avance Diario'!CF81:CL81) -> 0 | P80: =SUM('Avance Diario'!CM81:CS81) -> 33.333333 | Q80: =SUM('Avance Diario'!CT81:CZ81) -> 66.666667 | R80: =SUM('Avance Diario'!DA81:DG81) -> 0 | S80: =SUM('Avance Diario'!DH81:DN81) -> 0 | T80: =SUM('Avance Diario'!DO81:DU81) -> 0 | U80: =SUM('Avance Diario'!DV81:EB81) -> 0 | V80: =SUM('Avance Diario'!EC81:EI81) -> 0 | W80: =SUM('Avance Diario'!EJ81:EP81) -> 0 | X80: =SUM('Avance Diario'!EQ81:EW81) -> 0 | Y80: =SUM('Avance Diario'!EX81:FD81) -> 0 | Z80: =SUM('Avance Diario'!FE81:FK81) -> 0 | AA80: =SUM('Avance Diario'!FL81:FR81) -> 0 | AB80: =SUM('Avance Diario'!FS81:FY81) -> 0 | AC80: =SUM('Avance Diario'!FZ81:GF81) -> 0 | AD80: =SUM('Avance Diario'!GG81:GM81) -> 0 | AE80: =SUM('Avance Diario'!GN81:GT81) -> 0 | AF80: =SUM('Avance Diario'!GU81:HA81) -> 0 | AG80: =SUM('Avance Diario'!HB81:HE81) -> 0
C81: Avance acumulado % | D81: =SUM($D80:D80) -> 0 | E81: =SUM($D80:E80) -> 0 | F81: =SUM($D80:F80) -> 0 | G81: =SUM($D80:G80) -> 0 | H81: =SUM($D80:H80) -> 0 | I81: =SUM($D80:I80) -> 0 | J81: =SUM($D80:J80) -> 0 | K81: =SUM($D80:K80) -> 0 | ... AG81: =SUM($D80:AG80) -> 100
A82: 1.2.5.1.9.5 | B82: C / F2 / OC / FUND F1 | C82: Avance parcial % | D82: =SUM('Avance Diario'!G83:M83) -> 0 | E82: =SUM('Avance Diario'!N83:T83) -> 0 | F82: =SUM('Avance Diario'!U83:AA83) -> 0 | G82: =SUM('Avance Diario'!AB83:AH83) -> 33.333333 | H82: =SUM('Avance Diario'!AI83:AO83) -> 41.666667 | I82: =SUM('Avance Diario'!AP83:AV83) -> 25 | J82: =SUM('Avance Diario'!AW83:BC83) -> 0 | K82: =SUM('Avance Diario'!BD83:BJ83) -> 0 | L82: =SUM('Avance Diario'!BK83:BQ83) -> 0 | M82: =SUM('Avance Diario'!BR83:BX83) -> 0 | N82: =SUM('Avance Diario'!BY83:CE83) -> 0 | O82: =SUM('Avance Diario'!CF83:CL83) -> 0 | P82: =SUM('Avance Diario'!CM83:CS83) -> 0 | Q82: =SUM('Avance Diario'!CT83:CZ83) -> 0 | R82: =SUM('Avance Diario'!DA83:DG83) -> 0 | S82: =SUM('Avance Diario'!DH83:DN83) -> 0 | T82: =SUM('Avance Diario'!DO83:DU83) -> 0 | U82: =SUM('Avance Diario'!DV83:EB83) -> 0 | V82: =SUM('Avance Diario'!EC83:EI83) -> 0 | W82: =SUM('Avance Diario'!EJ83:EP83) -> 0 | X82: =SUM('Avance Diario'!EQ83:EW83) -> 0 | Y82: =SUM('Avance Diario'!EX83:FD83) -> 0 | Z82: =SUM('Avance Diario'!FE83:FK83) -> 0 | AA82: =SUM('Avance Diario'!FL83:FR83) -> 0 | AB82: =SUM('Avance Diario'!FS83:FY83) -> 0 | AC82: =SUM('Avance Diario'!FZ83:GF83) -> 0 | AD82: =SUM('Avance Diario'!GG83:GM83) -> 0 | AE82: =SUM('Avance Diario'!GN83:GT83) -> 0 | AF82: =SUM('Avance Diario'!GU83:HA83) -> 0 | AG82: =SUM('Avance Diario'!HB83:HE83) -> 0
C83: Avance acumulado % | D83: =SUM($D82:D82) -> 0 | E83: =SUM($D82:E82) -> 0 | F83: =SUM($D82:F82) -> 0 | G83: =SUM($D82:G82) -> 33.333333 | H83: =SUM($D82:H82) -> 75 | I83: =SUM($D82:I82) -> 100 | J83: =SUM($D82:J82) -> 100 | K83: =SUM($D82:K82) -> 100 | ... AG83: =SUM($D82:AG82) -> 100
A84: 1.2.5.1.9.5.3 | B84: [M3] C / F2 / OC / FUND F1 / Hormigón | C84: Avance parcial % | D84: =SUM('Avance Diario'!G85:M85) -> 0 | E84: =SUM('Avance Diario'!N85:T85) -> 0 | F84: =SUM('Avance Diario'!U85:AA85) -> 0 | G84: =SUM('Avance Diario'!AB85:AH85) -> 0 | H84: =SUM('Avance Diario'!AI85:AO85) -> 25 | I84: =SUM('Avance Diario'!AP85:AV85) -> 75 | J84: =SUM('Avance Diario'!AW85:BC85) -> 0 | K84: =SUM('Avance Diario'!BD85:BJ85) -> 0 | L84: =SUM('Avance Diario'!BK85:BQ85) -> 0 | M84: =SUM('Avance Diario'!BR85:BX85) -> 0 | N84: =SUM('Avance Diario'!BY85:CE85) -> 0 | O84: =SUM('Avance Diario'!CF85:CL85) -> 0 | P84: =SUM('Avance Diario'!CM85:CS85) -> 0 | Q84: =SUM('Avance Diario'!CT85:CZ85) -> 0 | R84: =SUM('Avance Diario'!DA85:DG85) -> 0 | S84: =SUM('Avance Diario'!DH85:DN85) -> 0 | T84: =SUM('Avance Diario'!DO85:DU85) -> 0 | U84: =SUM('Avance Diario'!DV85:EB85) -> 0 | V84: =SUM('Avance Diario'!EC85:EI85) -> 0 | W84: =SUM('Avance Diario'!EJ85:EP85) -> 0 | X84: =SUM('Avance Diario'!EQ85:EW85) -> 0 | Y84: =SUM('Avance Diario'!EX85:FD85) -> 0 | Z84: =SUM('Avance Diario'!FE85:FK85) -> 0 | AA84: =SUM('Avance Diario'!FL85:FR85) -> 0 | AB84: =SUM('Avance Diario'!FS85:FY85) -> 0 | AC84: =SUM('Avance Diario'!FZ85:GF85) -> 0 | AD84: =SUM('Avance Diario'!GG85:GM85) -> 0 | AE84: =SUM('Avance Diario'!GN85:GT85) -> 0 | AF84: =SUM('Avance Diario'!GU85:HA85) -> 0 | AG84: =SUM('Avance Diario'!HB85:HE85) -> 0
C85: Avance acumulado % | D85: =SUM($D84:D84) -> 0 | E85: =SUM($D84:E84) -> 0 | F85: =SUM($D84:F84) -> 0 | G85: =SUM($D84:G84) -> 0 | H85: =SUM($D84:H84) -> 25 | I85: =SUM($D84:I84) -> 100 | J85: =SUM($D84:J84) -> 100 | K85: =SUM($D84:K84) -> 100 | ... AG85: =SUM($D84:AG84) -> 100
A86: 1.2.5.1.9.5.5 | B86: [M3] C / F2 / OC / FUND F1 / Hormigón Instalaciones | C86: Avance parcial % | D86: =SUM('Avance Diario'!G87:M87) -> 0 | E86: =SUM('Avance Diario'!N87:T87) -> 0 | F86: =SUM('Avance Diario'!U87:AA87) -> 0 | G86: =SUM('Avance Diario'!AB87:AH87) -> 100 | H86: =SUM('Avance Diario'!AI87:AO87) -> 0 | I86: =SUM('Avance Diario'!AP87:AV87) -> 0 | J86: =SUM('Avance Diario'!AW87:BC87) -> 0 | K86: =SUM('Avance Diario'!BD87:BJ87) -> 0 | L86: =SUM('Avance Diario'!BK87:BQ87) -> 0 | M86: =SUM('Avance Diario'!BR87:BX87) -> 0 | N86: =SUM('Avance Diario'!BY87:CE87) -> 0 | O86: =SUM('Avance Diario'!CF87:CL87) -> 0 | P86: =SUM('Avance Diario'!CM87:CS87) -> 0 | Q86: =SUM('Avance Diario'!CT87:CZ87) -> 0 | R86: =SUM('Avance Diario'!DA87:DG87) -> 0 | S86: =SUM('Avance Diario'!DH87:DN87) -> 0 | T86: =SUM('Avance Diario'!DO87:DU87) -> 0 | U86: =SUM('Avance Diario'!DV87:EB87) -> 0 | V86: =SUM('Avance Diario'!EC87:EI87) -> 0 | W86: =SUM('Avance Diario'!EJ87:EP87) -> 0 | X86: =SUM('Avance Diario'!EQ87:EW87) -> 0 | Y86: =SUM('Avance Diario'!EX87:FD87) -> 0 | Z86: =SUM('Avance Diario'!FE87:FK87) -> 0 | AA86: =SUM('Avance Diario'!FL87:FR87) -> 0 | AB86: =SUM('Avance Diario'!FS87:FY87) -> 0 | AC86: =SUM('Avance Diario'!FZ87:GF87) -> 0 | AD86: =SUM('Avance Diario'!GG87:GM87) -> 0 | AE86: =SUM('Avance Diario'!GN87:GT87) -> 0 | AF86: =SUM('Avance Diario'!GU87:HA87) -> 0 | AG86: =SUM('Avance Diario'!HB87:HE87) -> 0
C87: Avance acumulado % | D87: =SUM($D86:D86) -> 0 | E87: =SUM($D86:E86) -> 0 | F87: =SUM($D86:F86) -> 0 | G87: =SUM($D86:G86) -> 100 | H87: =SUM($D86:H86) -> 100 | I87: =SUM($D86:I86) -> 100 | J87: =SUM($D86:J86) -> 100 | K87: =SUM($D86:K86) -> 100 | ... AG87: =SUM($D86:AG86) -> 100
A88: 1.2.5.1.9.6 | B88: C / F2 / OC / FUND F4 | C88: Avance parcial % | D88: =SUM('Avance Diario'!G89:M89) -> 50 | E88: =SUM('Avance Diario'!N89:T89) -> 50 | F88: =SUM('Avance Diario'!U89:AA89) -> 0 | G88: =SUM('Avance Diario'!AB89:AH89) -> 0 | H88: =SUM('Avance Diario'!AI89:AO89) -> 0 | I88: =SUM('Avance Diario'!AP89:AV89) -> 0 | J88: =SUM('Avance Diario'!AW89:BC89) -> 0 | K88: =SUM('Avance Diario'!BD89:BJ89) -> 0 | L88: =SUM('Avance Diario'!BK89:BQ89) -> 0 | M88: =SUM('Avance Diario'!BR89:BX89) -> 0 | N88: =SUM('Avance Diario'!BY89:CE89) -> 0 | O88: =SUM('Avance Diario'!CF89:CL89) -> 0 | P88: =SUM('Avance Diario'!CM89:CS89) -> 0 | Q88: =SUM('Avance Diario'!CT89:CZ89) -> 0 | R88: =SUM('Avance Diario'!DA89:DG89) -> 0 | S88: =SUM('Avance Diario'!DH89:DN89) -> 0 | T88: =SUM('Avance Diario'!DO89:DU89) -> 0 | U88: =SUM('Avance Diario'!DV89:EB89) -> 0 | V88: =SUM('Avance Diario'!EC89:EI89) -> 0 | W88: =SUM('Avance Diario'!EJ89:EP89) -> 0 | X88: =SUM('Avance Diario'!EQ89:EW89) -> 0 | Y88: =SUM('Avance Diario'!EX89:FD89) -> 0 | Z88: =SUM('Avance Diario'!FE89:FK89) -> 0 | AA88: =SUM('Avance Diario'!FL89:FR89) -> 0 | AB88: =SUM('Avance Diario'!FS89:FY89) -> 0 | AC88: =SUM('Avance Diario'!FZ89:GF89) -> 0 | AD88: =SUM('Avance Diario'!GG89:GM89) -> 0 | AE88: =SUM('Avance Diario'!GN89:GT89) -> 0 | AF88: =SUM('Avance Diario'!GU89:HA89) -> 0 | AG88: =SUM('Avance Diario'!HB89:HE89) -> 0
C89: Avance acumulado % | D89: =SUM($D88:D88) -> 50 | E89: =SUM($D88:E88) -> 100 | F89: =SUM($D88:F88) -> 100 | G89: =SUM($D88:G88) -> 100 | H89: =SUM($D88:H88) -> 100 | I89: =SUM($D88:I88) -> 100 | J89: =SUM($D88:J88) -> 100 | K89: =SUM($D88:K88) -> 100 | ... AG89: =SUM($D88:AG88) -> 100
A90: 1.2.5.1.9.6.3 | B90: [M3] C / F2 / OC / FUND F4 / Hormigón | C90: Avance parcial % | D90: =SUM('Avance Diario'!G91:M91) -> 50 | E90: =SUM('Avance Diario'!N91:T91) -> 50 | F90: =SUM('Avance Diario'!U91:AA91) -> 0 | G90: =SUM('Avance Diario'!AB91:AH91) -> 0 | H90: =SUM('Avance Diario'!AI91:AO91) -> 0 | I90: =SUM('Avance Diario'!AP91:AV91) -> 0 | J90: =SUM('Avance Diario'!AW91:BC91) -> 0 | K90: =SUM('Avance Diario'!BD91:BJ91) -> 0 | L90: =SUM('Avance Diario'!BK91:BQ91) -> 0 | M90: =SUM('Avance Diario'!BR91:BX91) -> 0 | N90: =SUM('Avance Diario'!BY91:CE91) -> 0 | O90: =SUM('Avance Diario'!CF91:CL91) -> 0 | P90: =SUM('Avance Diario'!CM91:CS91) -> 0 | Q90: =SUM('Avance Diario'!CT91:CZ91) -> 0 | R90: =SUM('Avance Diario'!DA91:DG91) -> 0 | S90: =SUM('Avance Diario'!DH91:DN91) -> 0 | T90: =SUM('Avance Diario'!DO91:DU91) -> 0 | U90: =SUM('Avance Diario'!DV91:EB91) -> 0 | V90: =SUM('Avance Diario'!EC91:EI91) -> 0 | W90: =SUM('Avance Diario'!EJ91:EP91) -> 0 | X90: =SUM('Avance Diario'!EQ91:EW91) -> 0 | Y90: =SUM('Avance Diario'!EX91:FD91) -> 0 | Z90: =SUM('Avance Diario'!FE91:FK91) -> 0 | AA90: =SUM('Avance Diario'!FL91:FR91) -> 0 | AB90: =SUM('Avance Diario'!FS91:FY91) -> 0 | AC90: =SUM('Avance Diario'!FZ91:GF91) -> 0 | AD90: =SUM('Avance Diario'!GG91:GM91) -> 0 | AE90: =SUM('Avance Diario'!GN91:GT91) -> 0 | AF90: =SUM('Avance Diario'!GU91:HA91) -> 0 | AG90: =SUM('Avance Diario'!HB91:HE91) -> 0
C91: Avance acumulado % | D91: =SUM($D90:D90) -> 50 | E91: =SUM($D90:E90) -> 100 | F91: =SUM($D90:F90) -> 100 | G91: =SUM($D90:G90) -> 100 | H91: =SUM($D90:H90) -> 100 | I91: =SUM($D90:I90) -> 100 | J91: =SUM($D90:J90) -> 100 | K91: =SUM($D90:K90) -> 100 | ... AG91: =SUM($D90:AG90) -> 100
A92: 1.2.5.1.10 | B92: C / F2 / OC / AMPLIACIÓN LOSA | C92: Avance parcial % | D92: =SUM('Avance Diario'!G93:M93) -> 0 | E92: =SUM('Avance Diario'!N93:T93) -> 0 | F92: =SUM('Avance Diario'!U93:AA93) -> 3.0769231 | G92: =SUM('Avance Diario'!AB93:AH93) -> 7.6923077 | H92: =SUM('Avance Diario'!AI93:AO93) -> 7.6923077 | I92: =SUM('Avance Diario'!AP93:AV93) -> 7.6923077 | J92: =SUM('Avance Diario'!AW93:BC93) -> 7.6923077 | K92: =SUM('Avance Diario'!BD93:BJ93) -> 7.6923077 | L92: =SUM('Avance Diario'!BK93:BQ93) -> 7.6923077 | M92: =SUM('Avance Diario'!BR93:BX93) -> 7.6923077 | N92: =SUM('Avance Diario'!BY93:CE93) -> 7.6923077 | O92: =SUM('Avance Diario'!CF93:CL93) -> 7.6923077 | P92: =SUM('Avance Diario'!CM93:CS93) -> 7.6923077 | Q92: =SUM('Avance Diario'!CT93:CZ93) -> 7.6923077 | R92: =SUM('Avance Diario'!DA93:DG93) -> 7.6923077 | S92: =SUM('Avance Diario'!DH93:DN93) -> 4.6153846 | T92: =SUM('Avance Diario'!DO93:DU93) -> 0 | U92: =SUM('Avance Diario'!DV93:EB93) -> 0 | V92: =SUM('Avance Diario'!EC93:EI93) -> 0 | W92: =SUM('Avance Diario'!EJ93:EP93) -> 0 | X92: =SUM('Avance Diario'!EQ93:EW93) -> 0 | Y92: =SUM('Avance Diario'!EX93:FD93) -> 0 | Z92: =SUM('Avance Diario'!FE93:FK93) -> 0 | AA92: =SUM('Avance Diario'!FL93:FR93) -> 0 | AB92: =SUM('Avance Diario'!FS93:FY93) -> 0 | AC92: =SUM('Avance Diario'!FZ93:GF93) -> 0 | AD92: =SUM('Avance Diario'!GG93:GM93) -> 0 | AE92: =SUM('Avance Diario'!GN93:GT93) -> 0 | AF92: =SUM('Avance Diario'!GU93:HA93) -> 0 | AG92: =SUM('Avance Diario'!HB93:HE93) -> 0
C93: Avance acumulado % | D93: =SUM($D92:D92) -> 0 | E93: =SUM($D92:E92) -> 0 | F93: =SUM($D92:F92) -> 3.0769231 | G93: =SUM($D92:G92) -> 10.769231 | H93: =SUM($D92:H92) -> 18.461538 | I93: =SUM($D92:I92) -> 26.153846 | J93: =SUM($D92:J92) -> 33.846154 | K93: =SUM($D92:K92) -> 41.538462 | ... AG93: =SUM($D92:AG92) -> 100
A94: 1.2.5.1.10.6 | B94: [M3] C / F2 / OC / Hormigón Losa Ciclo 01 | C94: Avance parcial % | D94: =SUM('Avance Diario'!G95:M95) -> 0 | E94: =SUM('Avance Diario'!N95:T95) -> 0 | F94: =SUM('Avance Diario'!U95:AA95) -> 0 | G94: =SUM('Avance Diario'!AB95:AH95) -> 0 | H94: =SUM('Avance Diario'!AI95:AO95) -> 0 | I94: =SUM('Avance Diario'!AP95:AV95) -> 0 | J94: =SUM('Avance Diario'!AW95:BC95) -> 0 | K94: =SUM('Avance Diario'!BD95:BJ95) -> 0 | L94: =SUM('Avance Diario'!BK95:BQ95) -> 0 | M94: =SUM('Avance Diario'!BR95:BX95) -> 0 | N94: =SUM('Avance Diario'!BY95:CE95) -> 0 | O94: =SUM('Avance Diario'!CF95:CL95) -> 100 | P94: =SUM('Avance Diario'!CM95:CS95) -> 0 | Q94: =SUM('Avance Diario'!CT95:CZ95) -> 0 | R94: =SUM('Avance Diario'!DA95:DG95) -> 0 | S94: =SUM('Avance Diario'!DH95:DN95) -> 0 | T94: =SUM('Avance Diario'!DO95:DU95) -> 0 | U94: =SUM('Avance Diario'!DV95:EB95) -> 0 | V94: =SUM('Avance Diario'!EC95:EI95) -> 0 | W94: =SUM('Avance Diario'!EJ95:EP95) -> 0 | X94: =SUM('Avance Diario'!EQ95:EW95) -> 0 | Y94: =SUM('Avance Diario'!EX95:FD95) -> 0 | Z94: =SUM('Avance Diario'!FE95:FK95) -> 0 | AA94: =SUM('Avance Diario'!FL95:FR95) -> 0 | AB94: =SUM('Avance Diario'!FS95:FY95) -> 0 | AC94: =SUM('Avance Diario'!FZ95:GF95) -> 0 | AD94: =SUM('Avance Diario'!GG95:GM95) -> 0 | AE94: =SUM('Avance Diario'!GN95:GT95) -> 0 | AF94: =SUM('Avance Diario'!GU95:HA95) -> 0 | AG94: =SUM('Avance Diario'!HB95:HE95) -> 0
C95: Avance acumulado % | D95: =SUM($D94:D94) -> 0 | E95: =SUM($D94:E94) -> 0 | F95: =SUM($D94:F94) -> 0 | G95: =SUM($D94:G94) -> 0 | H95: =SUM($D94:H94) -> 0 | I95: =SUM($D94:I94) -> 0 | J95: =SUM($D94:J94) -> 0 | K95: =SUM($D94:K94) -> 0 | ... AG95: =SUM($D94:AG94) -> 100
A96: 1.2.5.1.10.7 | B96: [M3] C / F2 / OC / Hormigón Losa Ciclo 02 | C96: Avance parcial % | D96: =SUM('Avance Diario'!G97:M97) -> 0 | E96: =SUM('Avance Diario'!N97:T97) -> 0 | F96: =SUM('Avance Diario'!U97:AA97) -> 0 | G96: =SUM('Avance Diario'!AB97:AH97) -> 0 | H96: =SUM('Avance Diario'!AI97:AO97) -> 0 | I96: =SUM('Avance Diario'!AP97:AV97) -> 0 | J96: =SUM('Avance Diario'!AW97:BC97) -> 0 | K96: =SUM('Avance Diario'!BD97:BJ97) -> 0 | L96: =SUM('Avance Diario'!BK97:BQ97) -> 0 | M96: =SUM('Avance Diario'!BR97:BX97) -> 0 | N96: =SUM('Avance Diario'!BY97:CE97) -> 0 | O96: =SUM('Avance Diario'!CF97:CL97) -> 100 | P96: =SUM('Avance Diario'!CM97:CS97) -> 0 | Q96: =SUM('Avance Diario'!CT97:CZ97) -> 0 | R96: =SUM('Avance Diario'!DA97:DG97) -> 0 | S96: =SUM('Avance Diario'!DH97:DN97) -> 0 | T96: =SUM('Avance Diario'!DO97:DU97) -> 0 | U96: =SUM('Avance Diario'!DV97:EB97) -> 0 | V96: =SUM('Avance Diario'!EC97:EI97) -> 0 | W96: =SUM('Avance Diario'!EJ97:EP97) -> 0 | X96: =SUM('Avance Diario'!EQ97:EW97) -> 0 | Y96: =SUM('Avance Diario'!EX97:FD97) -> 0 | Z96: =SUM('Avance Diario'!FE97:FK97) -> 0 | AA96: =SUM('Avance Diario'!FL97:FR97) -> 0 | AB96: =SUM('Avance Diario'!FS97:FY97) -> 0 | AC96: =SUM('Avance Diario'!FZ97:GF97) -> 0 | AD96: =SUM('Avance Diario'!GG97:GM97) -> 0 | AE96: =SUM('Avance Diario'!GN97:GT97) -> 0 | AF96: =SUM('Avance Diario'!GU97:HA97) -> 0 | AG96: =SUM('Avance Diario'!HB97:HE97) -> 0
C97: Avance acumulado % | D97: =SUM($D96:D96) -> 0 | E97: =SUM($D96:E96) -> 0 | F97: =SUM($D96:F96) -> 0 | G97: =SUM($D96:G96) -> 0 | H97: =SUM($D96:H96) -> 0 | I97: =SUM($D96:I96) -> 0 | J97: =SUM($D96:J96) -> 0 | K97: =SUM($D96:K96) -> 0 | ... AG97: =SUM($D96:AG96) -> 100
A98: 1.2.5.1.10.8 | B98: [M3] C / F2 / OC / Hormigón Losa Ciclo 03 | C98: Avance parcial % | D98: =SUM('Avance Diario'!G99:M99) -> 0 | E98: =SUM('Avance Diario'!N99:T99) -> 0 | F98: =SUM('Avance Diario'!U99:AA99) -> 0 | G98: =SUM('Avance Diario'!AB99:AH99) -> 0 | H98: =SUM('Avance Diario'!AI99:AO99) -> 0 | I98: =SUM('Avance Diario'!AP99:AV99) -> 0 | J98: =SUM('Avance Diario'!AW99:BC99) -> 0 | K98: =SUM('Avance Diario'!BD99:BJ99) -> 0 | L98: =SUM('Avance Diario'!BK99:BQ99) -> 0 | M98: =SUM('Avance Diario'!BR99:BX99) -> 0 | N98: =SUM('Avance Diario'!BY99:CE99) -> 0 | O98: =SUM('Avance Diario'!CF99:CL99) -> 100 | P98: =SUM('Avance Diario'!CM99:CS99) -> 0 | Q98: =SUM('Avance Diario'!CT99:CZ99) -> 0 | R98: =SUM('Avance Diario'!DA99:DG99) -> 0 | S98: =SUM('Avance Diario'!DH99:DN99) -> 0 | T98: =SUM('Avance Diario'!DO99:DU99) -> 0 | U98: =SUM('Avance Diario'!DV99:EB99) -> 0 | V98: =SUM('Avance Diario'!EC99:EI99) -> 0 | W98: =SUM('Avance Diario'!EJ99:EP99) -> 0 | X98: =SUM('Avance Diario'!EQ99:EW99) -> 0 | Y98: =SUM('Avance Diario'!EX99:FD99) -> 0 | Z98: =SUM('Avance Diario'!FE99:FK99) -> 0 | AA98: =SUM('Avance Diario'!FL99:FR99) -> 0 | AB98: =SUM('Avance Diario'!FS99:FY99) -> 0 | AC98: =SUM('Avance Diario'!FZ99:GF99) -> 0 | AD98: =SUM('Avance Diario'!GG99:GM99) -> 0 | AE98: =SUM('Avance Diario'!GN99:GT99) -> 0 | AF98: =SUM('Avance Diario'!GU99:HA99) -> 0 | AG98: =SUM('Avance Diario'!HB99:HE99) -> 0
C99: Avance acumulado % | D99: =SUM($D98:D98) -> 0 | E99: =SUM($D98:E98) -> 0 | F99: =SUM($D98:F98) -> 0 | G99: =SUM($D98:G98) -> 0 | H99: =SUM($D98:H98) -> 0 | I99: =SUM($D98:I98) -> 0 | J99: =SUM($D98:J98) -> 0 | K99: =SUM($D98:K98) -> 0 | ... AG99: =SUM($D98:AG98) -> 100
A100: 1.2.5.1.10.9 | B100: C / F2 / OC / TRONERAS | C100: Avance parcial % | D100: =SUM('Avance Diario'!G101:M101) -> 0 | E100: =SUM('Avance Diario'!N101:T101) -> 0 | F100: =SUM('Avance Diario'!U101:AA101) -> 0 | G100: =SUM('Avance Diario'!AB101:AH101) -> 0 | H100: =SUM('Avance Diario'!AI101:AO101) -> 0 | I100: =SUM('Avance Diario'!AP101:AV101) -> 0 | J100: =SUM('Avance Diario'!AW101:BC101) -> 0 | K100: =SUM('Avance Diario'!BD101:BJ101) -> 0 | L100: =SUM('Avance Diario'!BK101:BQ101) -> 0 | M100: =SUM('Avance Diario'!BR101:BX101) -> 0 | N100: =SUM('Avance Diario'!BY101:CE101) -> 0 | O100: =SUM('Avance Diario'!CF101:CL101) -> 0 | P100: =SUM('Avance Diario'!CM101:CS101) -> 0 | Q100: =SUM('Avance Diario'!CT101:CZ101) -> 38.461538 | R100: =SUM('Avance Diario'!DA101:DG101) -> 38.461538 | S100: =SUM('Avance Diario'!DH101:DN101) -> 23.076923 | T100: =SUM('Avance Diario'!DO101:DU101) -> 0 | U100: =SUM('Avance Diario'!DV101:EB101) -> 0 | V100: =SUM('Avance Diario'!EC101:EI101) -> 0 | W100: =SUM('Avance Diario'!EJ101:EP101) -> 0 | X100: =SUM('Avance Diario'!EQ101:EW101) -> 0 | Y100: =SUM('Avance Diario'!EX101:FD101) -> 0 | Z100: =SUM('Avance Diario'!FE101:FK101) -> 0 | AA100: =SUM('Avance Diario'!FL101:FR101) -> 0 | AB100: =SUM('Avance Diario'!FS101:FY101) -> 0 | AC100: =SUM('Avance Diario'!FZ101:GF101) -> 0 | AD100: =SUM('Avance Diario'!GG101:GM101) -> 0 | AE100: =SUM('Avance Diario'!GN101:GT101) -> 0 | AF100: =SUM('Avance Diario'!GU101:HA101) -> 0 | AG100: =SUM('Avance Diario'!HB101:HE101) -> 0
...
